13735_0:00000e	50089at32523	102447862
13735_0:000011	287006at32523	106732805
13735_0:000017	34767at32523	102449470
13735_0:000026	205434at32523	102454832
13735_0:00002e	206157at32523	102459177
13735_0:000069	24068at32523	102454744
13735_0:00006c	65318at32523	102455660
13735_0:00006d	155180at32523	102455418
13735_0:00006e	280357at32523	102454487
13735_0:000073	132836at32523	102458392
13735_0:000077	22014at32523	102445355
13735_0:000078	87602at32523	102462459
13735_0:00007b	43178at32523	102445103
13735_0:00007c	54262at32523	102460057
13735_0:00007d	229013at32523	102462214
13735_0:000081	309241at32523	102455901
13735_0:000083	102767at32523	102444163
13735_0:00008a	191124at32523	102446784
13735_0:00008f	242599at32523	102445601
13735_0:000090	255236at32523	102446542
13735_0:000094	34505at32523	102447529
13735_0:000099	270904at32523	102456415
13735_0:00009c	120495at32523	102459662
13735_0:00009e	200364at32523	102460771
13735_0:0000a4	304313at32523	102445842
13735_0:0000a8	286647at32523	102455005
13735_0:0000ab	203438at32523	102451770
13735_0:0000ad	75577at32523	102453280
13735_0:0000b1	267119at32523	102454007
13735_0:0000b8	258450at32523	106731248
13735_0:0000b9	247446at32523	102452510
13735_0:0000c5	217219at32523	102460772
13735_0:0000d8	262131at32523	102448204
13735_0:0000dc	84864at32523	102448435
13735_0:0000dd	209973at32523	102448672
13735_0:0000ed	94189at32523	102454916
13735_0:0000f3	301621at32523	102458476
13735_0:00010f	4177at32523	102445755
13735_0:000111	207340at32523	102446391
13735_0:00014b	285832at32523	102460949
13735_0:000156	43021at32523	102443769
13735_0:000158	189349at32523	102444706
13735_0:000159	34372at32523	102446392
13735_0:00015a	258912at32523	102445992
13735_0:00015d	155886at32523	102447371
13735_0:000160	158811at32523	102458394
13735_0:000162	6438at32523	102456238
13735_0:000167	101949at32523	102457904
13735_0:000168	46714at32523	102452261
13735_0:000169	8240at32523	102454329
13735_0:000170	191969at32523	102457476
13735_0:000172	176713at32523	102452851
13735_0:000174	129460at32523	102459590
13735_0:000175	144650at32523	102458151
13735_0:00017a	262489at32523	102454085
13735_0:000181	245369at32523	102463341
13735_0:000189	252355at32523	102445104
13735_0:000192	159778at32523	102449623
13735_0:000193	11855at32523	102450905
13735_0:000195	280763at32523	102457395
13735_0:000196	106313at32523	102458152
13735_0:000199	64071at32523	102449876
13735_0:0001af	178841at32523	102445106
13735_0:0001b0	61328at32523	102444488
13735_0:0001b5	73148at32523	102446239
13735_0:0001b8	306397at32523	102447205
13735_0:0001bb	46651at32523	102448031
13735_0:0001bc	51611at32523	102447451
13735_0:0001c0	28821at32523	102451053
13735_0:0001cc	180491at32523	102455589
13735_0:0001cd	226339at32523	102459029
13735_0:0001cf	180491at32523	102456160
13735_0:0001d1	219577at32523	102455174
13735_0:0001d2	126721at32523	102458793
13735_0:0001d4	145311at32523	102460132
13735_0:0001da	171311at32523	102458558
13735_0:0001db	84134at32523	102457736
13735_0:0001dc	265015at32523	102457477
13735_0:0001e3	172050at32523	102464021
13735_0:0001e5	163963at32523	102463588
13735_0:0001e8	277011at32523	102444489
13735_0:0001e9	250327at32523	102444708
13735_0:0001ea	256114at32523	102463110
13735_0:0001fd	146641at32523	102451219
13735_0:0001fe	83399at32523	102453449
13735_0:000203	100632at32523	102454415
13735_0:000206	255194at32523	102450664
13735_0:000209	105594at32523	102456318
13735_0:00020b	186648at32523	102455590
13735_0:00020c	93470at32523	102456572
13735_0:00020d	290018at32523	102456819
13735_0:000213	8118at32523	102460473
13735_0:000215	230361at32523	102459339
13735_0:000216	156433at32523	102459592
13735_0:000218	63076at32523	102458559
13735_0:000221	247071at32523	102447868
13735_0:000223	244751at32523	102448920
13735_0:000224	228500at32523	102451220
13735_0:000228	200014at32523	102445019
13735_0:000229	175562at32523	102444250
13735_0:00022b	251946at32523	102448437
13735_0:00022d	154801at32523	102450981
13735_0:00022e	294083at32523	102451693
13735_0:000230	72292at32523	102445758
13735_0:000231	73297at32523	102444490
13735_0:000235	186629at32523	102449790
13735_0:00024b	283776at32523	102452427
13735_0:00024d	19432at32523	102460060
13735_0:00025c	99258at32523	102453027
13735_0:00025e	165260at32523	102462947
13735_0:000263	35780at32523	102443934
13735_0:000265	159224at32523	102444561
13735_0:000266	250587at32523	102448996
13735_0:000267	57116at32523	102448124
13735_0:000268	281823at32523	106731684
13735_0:000272	92675at32523	102456496
13735_0:000273	48355at32523	102451375
13735_0:000274	88613at32523	102453190
13735_0:000275	104395at32523	102454251
13735_0:000278	12176at32523	102450358
13735_0:00027d	48355at32523	102451375
13735_0:00027f	71388at32523	102456982
13735_0:000285	97127at32523	102457737
13735_0:00028a	106441at32523	102458638
13735_0:00028b	69050at32523	102457990
13735_0:000292	64224at32523	102444327
13735_0:000296	168043at32523	102462861
13735_0:000298	102422at32523	102446956
13735_0:000299	22832at32523	102445760
13735_0:00029c	253018at32523	102447208
13735_0:00029e	272303at32523	102446715
13735_0:0002a3	182304at32523	102448208
13735_0:0002a9	130319at32523	102456906
13735_0:0002ab	139654at32523	102452178
13735_0:0002ad	175113at32523	102449717
13735_0:0002b7	27670at32523	102455178
13735_0:0002ba	56506at32523	102457907
13735_0:0002bf	170680at32523	102447955
13735_0:0002c1	203749at32523	102452430
13735_0:0002c2	203753at32523	102457155
13735_0:0002c6	280394at32523	102458864
13735_0:0002cc	81076at32523	102460234
13735_0:0002d8	203756at32523	102445761
13735_0:0002db	179971at32523	102447869
13735_0:0002e0	136833at32523	102446243
13735_0:0002e7	241551at32523	102450817
13735_0:0002e8	181994at32523	102450359
13735_0:0002e9	160941at32523	102451694
13735_0:0002ea	253206at32523	102451463
13735_0:0002ec	13552at32523	102451222
13735_0:0002fb	266457at32523	102458942
13735_0:0002fc	178785at32523	102445999
13735_0:000301	296017at32523	102456739
13735_0:000302	139285at32523	102461978
13735_0:000303	158013at32523	102458478
13735_0:000308	64182at32523	102449719
13735_0:00030a	90755at32523	102450360
13735_0:000313	93944at32523	102454253
13735_0:000317	108998at32523	102451297
13735_0:00031a	172011at32523	102459518
13735_0:000321	226775at32523	102448209
13735_0:000323	222686at32523	102461021
13735_0:000326	49209at32523	102458078
13735_0:000328	223192at32523	102454492
13735_0:000329	146829at32523	102461754
13735_0:00032a	207120at32523	102451056
13735_0:00032e	119446at32523	102459895
13735_0:000331	272339at32523	102447956
13735_0:000349	193243at32523	102461587
13735_0:00034a	62240at32523	102460626
13735_0:00034b	12263at32523	102460376
13735_0:00034c	58318at32523	102461347
13735_0:00034f	112434at32523	102463032
13735_0:000369	217078at32523	102449791
13735_0:00036b	183985at32523	102447619
13735_0:00036f	135005at32523	102454177
13735_0:000374	281414at32523	102457310
13735_0:00037c	223450at32523	102460475
13735_0:00037f	264296at32523	102459898
13735_0:000380	32661at32523	102449398
13735_0:000381	179123at32523	102450118
13735_0:000387	129777at32523	102444012
13735_0:00038a	87110at32523	102463506
13735_0:00038d	146998at32523	102449154
13735_0:00038f	186301at32523	102458641
13735_0:000391	283748at32523	102462383
13735_0:000394	119988at32523	102459667
13735_0:000399	58864at32523	102460712
13735_0:00039d	171134at32523	102457992
13735_0:00039e	166027at32523	102463033
13735_0:00039f	25345at32523	102450588
13735_0:0003a1	207425at32523	102453193
13735_0:0003a2	63823at32523	102456079
13735_0:0003a3	230262at32523	102454493
13735_0:0003a6	200324at32523	102454751
13735_0:0003a8	82303at32523	102455836
13735_0:0003ac	215649at32523	102453453
13735_0:0003ae	205613at32523	102456320
13735_0:0003b0	185160at32523	102445764
13735_0:0003b6	106876at32523	102447456
13735_0:0003ba	163709at32523	102447704
13735_0:0003be	294963at32523	102445024
13735_0:0003c2	46577at32523	102448211
13735_0:0003c4	85639at32523	102444013
13735_0:0003c5	235107at32523	102445524
13735_0:0003c7	167394at32523	102444784
13735_0:0003ca	58304at32523	102445269
13735_0:0003cb	81579at32523	102458229
13735_0:0003ce	283671at32523	102457741
13735_0:0003cf	104554at32523	102446637
13735_0:0003d0	241876at32523	102460861
13735_0:0003d1	241552at32523	102451379
13735_0:0003d6	299492at32523	102449324
13735_0:0003db	93782at32523	102450203
13735_0:0003dd	157748at32523	102453103
13735_0:0003e7	98815at32523	102456743
13735_0:0003e8	176864at32523	102455667
13735_0:0003ea	265855at32523	102443856
13735_0:0003eb	165500at32523	102456321
13735_0:0003f0	145721at32523	102444091
13735_0:0003f3	107381at32523	102463346
13735_0:0003f4	139006at32523	102456080
13735_0:0003fc	260825at32523	102446002
13735_0:000402	57694at32523	102446472
13735_0:000403	289719at32523	102452268
13735_0:000404	134141at32523	102449156
13735_0:000406	158404at32523	102453544
13735_0:000407	12479at32523	102457062
13735_0:000408	43239at32523	102447378
13735_0:000409	92115at32523	102452683
13735_0:00040a	156218at32523	102448678
13735_0:00040b	186718at32523	102454417
13735_0:00040c	10430at32523	102452943
13735_0:00040d	199737at32523	102457484
13735_0:00040e	217851at32523	102447124
13735_0:000415	147430at32523	102453940
13735_0:000416	70489at32523	102450820
13735_0:000418	156218at32523	102448442
13735_0:00041c	90571at32523	102461351
13735_0:000429	199092at32523	102449794
13735_0:00042a	194486at32523	102443857
13735_0:00042f	193572at32523	102448516
13735_0:000430	279423at32523	102452434
13735_0:000431	259622at32523	102446718
13735_0:000434	48483at32523	102444492
13735_0:000435	158753at32523	102449554
13735_0:000439	218427at32523	102444252
13735_0:00043c	257811at32523	102451929
13735_0:00043e	1528at32523	102452685
13735_0:000442	66698at32523	102453455
13735_0:000443	168420at32523	102453195
13735_0:000444	289585at32523	102455013
13735_0:000450	174890at32523	102457232
13735_0:000457	299975at32523	102462385
13735_0:000475	76700at32523	102445766
13735_0:000479	153761at32523	102452774
13735_0:00047a	265253at32523	102454255
13735_0:00047d	116676at32523	102451780
13735_0:0004a9	52041at32523	102464024
13735_0:0004aa	157171at32523	102444411
13735_0:0004b5	159524at32523	102455183
13735_0:0004cb	125390at32523	102456423
13735_0:0004ce	109835at32523	102458867
13735_0:0004d0	42731at32523	102457487
13735_0:0004d1	49491at32523	102461353
13735_0:0004df	271266at32523	102446004
13735_0:0004e0	240061at32523	102463686
13735_0:0004e2	130399at32523	102463937
13735_0:0004e6	93246at32523	102447624
13735_0:0004e9	212732at32523	102447381
13735_0:0004ea	133742at32523	102446878
13735_0:0004fc	193107at32523	102453199
13735_0:0004ff	199679at32523	102453459
13735_0:000501	272583at32523	102455268
13735_0:000503	161102at32523	102454580
13735_0:000504	124648at32523	102454841
13735_0:000505	260175at32523	102444573
13735_0:000513	235004at32523	102445454
13735_0:000514	99739at32523	102445851
13735_0:000515	236911at32523	102449246
13735_0:000518	106522at32523	102446547
13735_0:00051b	255751at32523	102449726
13735_0:00051e	86173at32523	102449484
13735_0:000520	217531at32523	102455671
13735_0:000524	260323at32523	102454184
13735_0:000537	126505at32523	102449159
13735_0:000565	29403at32523	102459034
13735_0:000569	48757at32523	102462305
13735_0:00056a	225811at32523	102461759
13735_0:00056b	124555at32523	102459673
13735_0:00056c	229324at32523	102456826
13735_0:000571	1978at32523	102454928
13735_0:000573	48757at32523	102462549
13735_0:00057d	225985at32523	102459520
13735_0:00057e	164369at32523	102446795
13735_0:00057f	210596at32523	102450914
13735_0:000581	299311at32523	102452598
13735_0:000585	200492at32523	102458081
13735_0:000587	283636at32523	102446006
13735_0:000588	245583at32523	102453780
13735_0:000589	69999at32523	102460238
13735_0:00058a	223074at32523	102448213
13735_0:00058d	12350at32523	102449727
13735_0:00058e	19880at32523	102460956
13735_0:000592	138762at32523	102458321
13735_0:000594	118915at32523	102447382
13735_0:000599	174022at32523	102445769
13735_0:00059f	184336at32523	102452858
13735_0:0005a0	37139at32523	102449485
13735_0:0005a1	188951at32523	102451148
13735_0:0005a2	206982at32523	102458795
13735_0:0005a5	228136at32523	102450207
13735_0:0005ad	267251at32523	102445528
13735_0:0005af	253055at32523	102459747
13735_0:0005c8	166537at32523	102445930
13735_0:0005ca	203399at32523	102446879
13735_0:0005cc	30861at32523	102446641
13735_0:0005ea	182087at32523	102457068
13735_0:0005f1	232531at32523	102457830
13735_0:0005f8	104841at32523	102458721
13735_0:0005ff	100151at32523	102446406
13735_0:000603	229731at32523	102461839
13735_0:000605	127797at32523	102462551
13735_0:00060a	59718at32523	102462955
13735_0:00060c	291381at32523	102461597
13735_0:00060d	192769at32523	102463689
13735_0:000618	212299at32523	102447626
13735_0:00061a	185958at32523	102451465
13735_0:00061c	23533at32523	102453862
13735_0:00061d	175883at32523	102448377
13735_0:000620	207226at32523	102448852
13735_0:000621	58990at32523	102448136
13735_0:000622	109514at32523	102451858
13735_0:000625	37077at32523	102450452
13735_0:000627	96539at32523	102448611
13735_0:000628	72139at32523	102455272
13735_0:00062c	170095at32523	102450916
13735_0:00064c	244547at32523	102453705
13735_0:00064d	20833at32523	102451383
13735_0:00064e	245732at32523	102453463
13735_0:00064f	101251at32523	102444170
13735_0:000651	215456at32523	102452344
13735_0:000652	98271at32523	102446643
13735_0:000659	70548at32523	102444574
13735_0:00065c	93889at32523	102463857
13735_0:00065f	250658at32523	102454185
13735_0:000663	85494at32523	102455185
13735_0:000665	161080at32523	102454422
13735_0:000667	269649at32523	102454930
13735_0:000668	49681at32523	102457576
13735_0:000669	150698at32523	102458322
13735_0:000675	301105at32523	102460481
13735_0:000677	70607at32523	102461679
13735_0:000679	74405at32523	102462229
13735_0:000696	206332at32523	102450520
13735_0:000699	259371at32523	102453707
13735_0:00069a	106366at32523	102452954
13735_0:00069d	210195at32523	102451619
13735_0:00069f	54439at32523	102453204
13735_0:0006a0	304702at32523	102452441
13735_0:0006a1	158268at32523	102454186
13735_0:0006a5	167629at32523	102454671
13735_0:0006a6	58880at32523	102454931
13735_0:0006a8	86390at32523	102455841
13735_0:0006ab	58582at32523	102458488
13735_0:0006ad	173099at32523	102459435
13735_0:0006ae	290064at32523	102457162
13735_0:0006b2	65021at32523	102457577
13735_0:0006bd	273391at32523	102462958
13735_0:0006d1	125782at32523	102449974
13735_0:0006d8	156453at32523	102453708
13735_0:0006d9	110140at32523	102454262
13735_0:0006db	76244at32523	102453466
13735_0:0006dd	109602at32523	102452028
13735_0:0006e6	43096at32523	102458005
13735_0:0006e7	213262at32523	102458870
13735_0:0006e9	194996at32523	102458243
13735_0:0006ea	157101at32523	102458646
13735_0:0006eb	18213at32523	102459600
13735_0:0006ec	41111at32523	102460067
13735_0:0006f1	149367at32523	102461265
13735_0:0006f8	55566at32523	102450291
13735_0:0006f9	79210at32523	102444501
13735_0:0006fb	174949at32523	102450988
13735_0:0006fd	278988at32523	102448524
13735_0:0006ff	250310at32523	102443536
13735_0:000703	215018at32523	102463430
13735_0:000704	116192at32523	102443781
13735_0:000707	302721at32523	102444259
13735_0:000708	214558at32523	102450746
13735_0:00070a	161015at32523	102463859
13735_0:00070d	5875at32523	102447220
13735_0:000711	16711at32523	102452692
13735_0:000716	236789at32523	102453296
13735_0:00071d	188076at32523	102458404
13735_0:00071e	62592at32523	102460302
13735_0:00071f	157369at32523	102460542
13735_0:000729	230057at32523	102463941
13735_0:000730	31024at32523	102447880
13735_0:000733	78793at32523	102450455
13735_0:000734	155481at32523	102451387
13735_0:000738	154353at32523	102449404
13735_0:00073a	116657at32523	102456428
13735_0:00073c	72399at32523	102457911
13735_0:00073f	196473at32523	102455917
13735_0:000740	167094at32523	102463513
13735_0:000742	87782at32523	102453625
13735_0:000743	122167at32523	102449800
13735_0:000744	253993at32523	102446883
13735_0:000745	100144at32523	102453037
13735_0:000748	64758at32523	102448685
13735_0:00074b	298947at32523	102450365
13735_0:000751	143915at32523	102453786
13735_0:000757	79679at32523	102448139
13735_0:00075c	166620at32523	102463118
13735_0:000763	120186at32523	102448289
13735_0:000769	78178at32523	102456675
13735_0:00076c	228524at32523	102455103
13735_0:00076f	134044at32523	102444790
13735_0:000770	71741at32523	102445372
13735_0:000773	306698at32523	102453551
13735_0:000777	230348at32523	102462871
13735_0:000779	23307at32523	102456914
13735_0:00077c	243717at32523	102444101
13735_0:00077f	61513at32523	102451860
13735_0:000784	56494at32523	102449638
13735_0:000785	7335at32523	102458726
13735_0:000786	1240at32523	102451859
13735_0:000787	288646at32523	102461122
13735_0:000789	7708at32523	102450213
13735_0:00078a	167036at32523	102456168
13735_0:000794	178320at32523	102461440
13735_0:0007af	107749at32523	102450825
13735_0:0007b0	222011at32523	102453039
13735_0:0007b7	269194at32523	102457755
13735_0:0007b9	219003at32523	102455678
13735_0:0007ba	137765at32523	102456915
13735_0:0007bc	196101at32523	102457320
13735_0:0007be	224357at32523	102458406
13735_0:0007bf	17799at32523	102458873
13735_0:0007c0	236309at32523	102459114
13735_0:0007c2	6566at32523	102459353
13735_0:0007c6	258495at32523	102449731
13735_0:0007c8	46922at32523	102461511
13735_0:0007ca	137251at32523	102463602
13735_0:0007cc	252011at32523	102447542
13735_0:0007cf	147055at32523	102461267
13735_0:0007d2	230300at32523	102448044
13735_0:0007d4	38156at32523	102462793
13735_0:0007d7	254681at32523	102461031
13735_0:0007d9	137316at32523	102449251
13735_0:0007dc	158430at32523	102460786
13735_0:0007df	272384at32523	102462313
13735_0:0007e4	83154at32523	102450368
13735_0:0007e6	289897at32523	102454504
13735_0:0007e8	216755at32523	102452523
13735_0:0007ef	197855at32523	102455846
13735_0:0007f2	196735at32523	102451861
13735_0:0007f3	111173at32523	102458648
13735_0:0007fb	238677at32523	102460644
13735_0:000820	38721at32523	102452697
13735_0:000822	198351at32523	102456170
13735_0:000825	181546at32523	102451553
13735_0:000828	200486at32523	102449976
13735_0:000829	32255at32523	102449732
13735_0:00082d	31168at32523	102457580
13735_0:00082f	204538at32523	102455020
13735_0:000832	9283at32523	102452192
13735_0:000839	103627at32523	102459604
13735_0:00083d	90233at32523	102461362
13735_0:000854	229254at32523	102447385
13735_0:000855	249574at32523	102446885
13735_0:000856	264313at32523	102447134
13735_0:000858	92810at32523	102447630
13735_0:000865	80341at32523	102450593
13735_0:00086a	300772at32523	102453469
13735_0:00086c	254860at32523	102455190
13735_0:00086d	181679at32523	102449407
13735_0:00086f	257936at32523	102454098
13735_0:000870	68252at32523	102457164
13735_0:000877	67681at32523	102460305
13735_0:000879	41450at32523	102459834
13735_0:00087c	72650at32523	102458409
13735_0:000880	71859at32523	102444175
13735_0:000881	199331at32523	102443783
13735_0:000883	240368at32523	102446012
13735_0:000887	128719at32523	102463515
13735_0:000888	190874at32523	102446255
13735_0:000891	130936at32523	102446485
13735_0:000898	50637at32523	102449168
13735_0:00089c	218576at32523	102455518
13735_0:00089d	147626at32523	102447631
13735_0:00089e	132319at32523	102450123
13735_0:00089f	10578at32523	102451704
13735_0:0008a2	125055at32523	102450993
13735_0:0008a4	299794at32523	102452783
13735_0:0008a6	145628at32523	102455022
13735_0:0008a7	280714at32523	102451941
13735_0:0008a8	114808at32523	102447885
13735_0:0008a9	71192at32523	102451473
13735_0:0008ab	120928at32523	102453041
13735_0:0008af	155761at32523	102459195
13735_0:0008b3	228078at32523	102461033
13735_0:0008b5	181110at32523	102457000
13735_0:0008b6	48437at32523	102461763
13735_0:0008b7	55368at32523	102460648
13735_0:0008c2	266561at32523	102445777
13735_0:0008c4	75645at32523	102448047
13735_0:0008ca	228725at32523	102452699
13735_0:0008cb	178611at32523	102447298
13735_0:0008cc	189115at32523	102447545
13735_0:0008cf	257014at32523	102454936
13735_0:0008d0	225958at32523	102449897
13735_0:0008d1	207100at32523	102454188
13735_0:0008d2	235673at32523	102454428
13735_0:0008d4	232760at32523	102450124
13735_0:0008d5	138387at32523	102453366
13735_0:0008d7	3725at32523	102446256
13735_0:0008d8	109425at32523	102453112
13735_0:0008d9	140221at32523	102453789
13735_0:0008e2	88808at32523	102446553
13735_0:0008e4	17511at32523	102451309
13735_0:0008ec	61329at32523	102449169
13735_0:0008ef	225441at32523	102463700
13735_0:0008f8	148049at32523	102458011
13735_0:0008f9	130217at32523	102450828
13735_0:0008fa	261329at32523	102450594
13735_0:0008fb	115729at32523	102452527
13735_0:0008fc	138631at32523	102446966
13735_0:000900	282956at32523	102451787
13735_0:000901	236823at32523	102451555
13735_0:000904	180359at32523	102461365
13735_0:000906	138631at32523	102447225
13735_0:000908	193254at32523	102460959
13735_0:000917	66188at32523	102459682
13735_0:000919	156299at32523	102458730
13735_0:00091d	249160at32523	102457657
13735_0:000920	258368at32523	102459439
13735_0:000921	21947at32523	102457912
13735_0:000924	45359at32523	102461271
13735_0:000932	216033at32523	102446554
13735_0:000933	67374at32523	102446802
13735_0:000936	47147at32523	102447969
13735_0:000937	166167at32523	102447300
13735_0:00093a	192580at32523	102448219
13735_0:00093b	196873at32523	102449255
13735_0:00093f	111371at32523	102450372
13735_0:000948	17816at32523	102454340
13735_0:00094e	104943at32523	102456515
13735_0:000952	210620at32523	102458495
13735_0:000957	167160at32523	102461444
13735_0:000958	63225at32523	102460072
13735_0:00095b	193695at32523	102462148
13735_0:00095d	251956at32523	102461196
13735_0:00095e	152363at32523	102457003
13735_0:000964	107049at32523	102443459
13735_0:000965	181736at32523	102443946
13735_0:000973	179598at32523	102446555
13735_0:000979	164694at32523	102450055
13735_0:000995	194949at32523	102461198
13735_0:000998	303097at32523	102459526
13735_0:00099c	280777at32523	102458878
13735_0:00099d	279033at32523	102462796
13735_0:0009a1	262014at32523	102458653
13735_0:0009a2	140174at32523	102463519
13735_0:0009a3	197098at32523	102463287
13735_0:0009ad	36299at32523	102446258
13735_0:0009cf	251873at32523	102453954
13735_0:0009d0	218169at32523	102455281
13735_0:0009d5	82211at32523	102456008
13735_0:0009e2	149610at32523	102461605
13735_0:0009e3	269039at32523	102460787
13735_0:0009e7	149967at32523	102443787
13735_0:0009ea	33874at32523	102463288
13735_0:0009ec	196917at32523	102444024
13735_0:0009f4	242564at32523	102446804
13735_0:0009f6	18367at32523	102448220
13735_0:0009f7	60727at32523	102448451
13735_0:0009f9	29845at32523	102447301
13735_0:0009fe	242271at32523	102448860
13735_0:0009ff	165748at32523	102449736
13735_0:000a00	259941at32523	102449494
13735_0:000a09	294806at32523	102458801
13735_0:000a0d	99735at32523	102455364
13735_0:000a12	296861at32523	102455109
13735_0:000a13	149303at32523	102456590
13735_0:000a15	157574at32523	102457327
13735_0:000a34	34059at32523	102452962
13735_0:000a36	41564at32523	102445536
13735_0:000a37	288923at32523	102463289
13735_0:000a43	289619at32523	102449410
13735_0:000a56	47862at32523	102450922
13735_0:000a5d	237546at32523	102450059
13735_0:000a5e	24974at32523	102456432
13735_0:000a62	173021at32523	102459124
13735_0:000a67	6412at32523	102444721
13735_0:000a69	181929at32523	102446016
13735_0:000a6a	293285at32523	102444025
13735_0:000a6b	149417at32523	102449012
13735_0:000a6e	47463at32523	102445625
13735_0:000a6f	279697at32523	102446489
13735_0:000a70	138161at32523	102446260
13735_0:000a71	191457at32523	102447303
13735_0:000a72	113557at32523	102447549
13735_0:000a98	118231at32523	102463952
13735_0:000a9b	240415at32523	102450221
13735_0:000a9c	166317at32523	102449013
13735_0:000a9d	258486at32523	102445126
13735_0:000a9f	292138at32523	102447637
13735_0:000aa3	86704at32523	102451158
13735_0:000aa4	257614at32523	102444507
13735_0:000aa5	177564at32523	102460724
13735_0:000aaa	47274at32523	102463520
13735_0:000aac	99861at32523	102451866
13735_0:000aae	144786at32523	102446322
13735_0:000ab0	189500at32523	102451394
13735_0:000ab1	302643at32523	102461368
13735_0:000ab4	288836at32523	102449411
13735_0:000ab5	264741at32523	102444108
13735_0:000abd	276964at32523	102464035
13735_0:000abf	174649at32523	102457246
13735_0:000ac1	76122at32523	102443543
13735_0:000ac9	291672at32523	102444265
13735_0:000aca	238821at32523	102456344
13735_0:000acc	197550at32523	102444026
13735_0:000acf	212074at32523	102458882
13735_0:000ad2	81921at32523	102443790
13735_0:000ad4	259661at32523	102458096
13735_0:000ad7	154523at32523	102463207
13735_0:000ad8	163249at32523	102463776
13735_0:000ad9	244465at32523	102455927
13735_0:000ada	93246at32523	106731383
13735_0:000adb	83688at32523	102447048
13735_0:000ade	149898at32523	102445281
13735_0:000ae2	112394at32523	102445038
13735_0:000ae6	154151at32523	102447638
13735_0:000af2	257104at32523	102454104
13735_0:000af3	65197at32523	102452529
13735_0:000af6	161343at32523	102452786
13735_0:000afb	233842at32523	102455443
13735_0:000afe	273646at32523	102457413
13735_0:000b01	61510at32523	102458416
13735_0:000b06	6879at32523	102459996
13735_0:000b08	250601at32523	102460241
13735_0:000b0f	135534at32523	102461608
13735_0:000b11	285773at32523	102461855
13735_0:000b1b	33595at32523	102443791
13735_0:000b1c	199274at32523	102464037
13735_0:000b1d	188702at32523	102443544
13735_0:000b1e	264604at32523	102444724
13735_0:000b22	182087at32523	102446323
13735_0:000b2d	99410at32523	102454681
13735_0:000b2f	103350at32523	102455929
13735_0:000b31	99714at32523	102454938
13735_0:000b33	233200at32523	102450683
13735_0:000b3c	213366at32523	102451314
13735_0:000b3d	127141at32523	102449412
13735_0:000b41	247494at32523	102449259
13735_0:000b42	212013at32523	102450925
13735_0:000b49	81334at32523	102458733
13735_0:000b4c	173903at32523	102460156
13735_0:000b4d	14074at32523	102457919
13735_0:000b4e	225154at32523	102458331
13735_0:000b4f	85859at32523	102459200
13735_0:000b53	183201at32523	102461132
13735_0:000b5f	14268at32523	102444799
13735_0:000b60	262363at32523	102446416
13735_0:000b6a	200702at32523	102448386
13735_0:000b6e	271272at32523	102450374
13735_0:000b70	112844at32523	102452038
13735_0:000b72	236190at32523	102457082
13735_0:000b76	241443at32523	102458168
13735_0:000b78	144001at32523	102454682
13735_0:000b79	289179at32523	102451792
13735_0:000b7c	144301at32523	102453372
13735_0:000b7f	32549at32523	102459363
13735_0:000b81	49624at32523	102459127
13735_0:000b84	163226at32523	102459759
13735_0:000b8c	62495at32523	102461204
13735_0:000b8f	124180at32523	102464040
13735_0:000b91	97017at32523	102463525
13735_0:000b94	85704at32523	102463295
13735_0:000b9e	287852at32523	102447974
13735_0:000b9f	223827at32523	102448692
13735_0:000ba2	298029at32523	102459998
13735_0:000ba3	123811at32523	102447471
13735_0:000ba4	35508at32523	102461452
13735_0:000ba7	182378at32523	102463527
13735_0:000ba9	221969at32523	102444348
13735_0:000baf	306425at32523	102447724
13735_0:000bb4	55391at32523	102457331
13735_0:000bb7	159723at32523	102458098
13735_0:000bb9	97050at32523	102460553
13735_0:000bbc	213003at32523	102454859
13735_0:000bbd	296812at32523	102446735
13735_0:000bc1	216579at32523	102447228
13735_0:000bc2	257812at32523	102446019
13735_0:000bc4	72210at32523	102450532
13735_0:000bc6	27657at32523	102451074
13735_0:000bcb	120146at32523	102445540
13735_0:000bcc	29590at32523	102445041
13735_0:000bcd	35526at32523	102455113
13735_0:000bce	84377at32523	102457083
13735_0:000bd0	61626at32523	102452453
13735_0:000bd1	179750at32523	102453798
13735_0:000bd5	58546at32523	102443548
13735_0:000bd8	121512at32523	102446972
13735_0:000bdc	66392at32523	102456259
13735_0:000bdf	170080at32523	102449574
13735_0:000be2	184874at32523	102449814
13735_0:000be5	80601at32523	102448777
13735_0:000be9	300815at32523	102459922
13735_0:000bec	2833at32523	102450376
13735_0:000bed	189424at32523	102457592
13735_0:000bf2	62044at32523	102451626
13735_0:000c03	107664at32523	102446805
13735_0:000c04	289585at32523	102445468
13735_0:000c08	260156at32523	102446559
13735_0:000c1e	176412at32523	102462238
13735_0:000c36	147311at32523	102463783
13735_0:000c39	33874at32523	102443712
13735_0:000c3c	176734at32523	102446494
13735_0:000c3d	111190at32523	102444964
13735_0:000c3e	78675at32523	102444421
13735_0:000c4a	175843at32523	102450377
13735_0:000c4e	287415at32523	102452533
13735_0:000c4f	228553at32523	102451560
13735_0:000c50	82360at32523	102452285
13735_0:000c51	269694at32523	102451793
13735_0:000c5a	91565at32523	102456763
13735_0:000c5b	76762at32523	102455287
13735_0:000c5e	28154at32523	102455526
13735_0:000c60	167127at32523	102456261
13735_0:000c68	145469at32523	102457761
13735_0:000c6a	241165at32523	102458499
13735_0:000c6c	204325at32523	102461134
13735_0:000c6d	169850at32523	102460079
13735_0:000c6f	182302at32523	102459840
13735_0:000c70	109851at32523	102462323
13735_0:000c74	8142at32523	102461611
13735_0:000c75	280931at32523	102460888
13735_0:000c76	2516at32523	102462724
13735_0:000c77	204137at32523	102462880
13735_0:000c8b	218191at32523	102450927
13735_0:000c90	108863at32523	102452355
13735_0:000c99	171060at32523	102455114
13735_0:000ca1	61594at32523	102456598
13735_0:000ca7	258245at32523	102458966
13735_0:000ca9	191525at32523	102460401
13735_0:000caa	101542at32523	102461206
13735_0:000cae	60565at32523	102443466
13735_0:000caf	102905at32523	102463211
13735_0:000cb0	217279at32523	102463612
13735_0:000cb2	116885at32523	102461454
13735_0:000cb6	200165at32523	102461991
13735_0:000cc3	264774at32523	102447897
13735_0:000ccc	64854at32523	102448539
13735_0:000cda	285659at32523	102457249
13735_0:000cea	243491at32523	102464044
13735_0:000cf2	295107at32523	102448540
13735_0:000cf4	195791at32523	102446265
13735_0:000cf5	245388at32523	102445208
13735_0:000cf6	54695at32523	102447397
13735_0:000cf8	145983at32523	102444965
13735_0:000cfe	12002at32523	102451077
13735_0:000d01	200031at32523	102451162
13735_0:000d02	153206at32523	102447475
13735_0:000d05	78244at32523	102451479
13735_0:000d06	247680at32523	102463130
13735_0:000d07	17780at32523	102450836
13735_0:000d0a	174211at32523	102453633
13735_0:000d0b	213722at32523	102454348
13735_0:000d0c	305138at32523	102461768
13735_0:000d0d	109347at32523	102456180
13735_0:000d10	137836at32523	102455693
13735_0:000d11	14519at32523	102446659
13735_0:000d12	173082at32523	102455934
13735_0:000d13	226232at32523	102448695
13735_0:000d14	275814at32523	102457597
13735_0:000d16	185964at32523	102462881
13735_0:000d17	218597at32523	102447975
13735_0:000d18	289961at32523	102445045
13735_0:000d20	193560at32523	102459131
13735_0:000d22	168322at32523	102446181
13735_0:000d23	245918at32523	102443382
13735_0:000d24	188379at32523	102458019
13735_0:000d28	109331at32523	102461520
13735_0:000d2a	17252at32523	102462154
13735_0:000d2c	277704at32523	102457334
13735_0:000d2d	235818at32523	102447726
13735_0:000d30	113987at32523	102455449
13735_0:000d33	154532at32523	102463531
13735_0:000d34	294624at32523	102462401
13735_0:000d35	98495at32523	102445710
13735_0:000d36	201650at32523	102443636
13735_0:000d38	97583at32523	102444805
13735_0:000d3a	26625at32523	102449983
13735_0:000d3c	32130at32523	102452710
13735_0:000d44	72222at32523	102453959
13735_0:000d45	72222at32523	102454195
13735_0:000d46	83044at32523	106731444
13735_0:000d48	34122at32523	102444112
13735_0:000d49	74369at32523	102459367
13735_0:000d4a	110019at32523	102454435
13735_0:000d4e	273227at32523	102462969
13735_0:000d54	185182at32523	102455037
13735_0:000d5c	127508at32523	102458337
13735_0:000d5d	287872at32523	102458808
13735_0:000d62	225946at32523	102461614
13735_0:000d6a	221129at32523	102445790
13735_0:000d6b	95804at32523	102457007
13735_0:000d82	159599at32523	102453873
13735_0:000d83	38112at32523	102453635
13735_0:000d84	145578at32523	102453218
13735_0:000d85	30921at32523	102454111
13735_0:000d87	18779at32523	102458663
13735_0:000d8a	78827at32523	102458890
13735_0:000d91	11525at32523	102457668
13735_0:000d93	260839at32523	102458422
13735_0:000d9d	114228at32523	102460315
13735_0:000d9e	213441at32523	102462725
13735_0:000da3	136883at32523	102448620
13735_0:000dae	286112at32523	102453960
13735_0:000dc3	233141at32523	102458738
13735_0:000dcd	276699at32523	102446091
13735_0:000dd4	262265at32523	102446499
13735_0:000de0	78490at32523	102445474
13735_0:000de2	154904at32523	102445865
13735_0:000de4	179678at32523	102446423
13735_0:000de8	156520at32523	102454113
13735_0:000dea	71596at32523	102444890
13735_0:000deb	74062at32523	102450762
13735_0:000def	57935at32523	102454864
13735_0:000df1	280387at32523	102456105
13735_0:000df2	119909at32523	102456601
13735_0:000df5	167437at32523	102457852
13735_0:000df9	92478at32523	102458581
13735_0:000dfe	10325at32523	102462807
13735_0:000e03	10459at32523	102460166
13735_0:000e08	115135at32523	102447307
13735_0:000e09	130233at32523	102456106
13735_0:000e0a	255212at32523	102452713
13735_0:000e10	238757at32523	102446327
13735_0:000e14	286821at32523	102460892
13735_0:000e18	112209at32523	102449987
13735_0:000e1a	158792at32523	102460657
13735_0:000e26	277527at32523	102447555
13735_0:000e2b	242028at32523	102459051
13735_0:000e31	240397at32523	102448782
13735_0:000e35	105588at32523	102453122
13735_0:000e36	255229at32523	102452111
13735_0:000e3b	173139at32523	102459693
13735_0:000e3f	187811at32523	102444425
13735_0:000e46	264193at32523	102452459
13735_0:000e50	177343at32523	102451399
13735_0:000e52	304654at32523	102453380
13735_0:000e54	123927at32523	102456687
13735_0:000e5b	235478at32523	102457601
13735_0:000e60	23197at32523	102459052
13735_0:000e65	221447at32523	102459291
13735_0:000e69	215431at32523	102461523
13735_0:000e6d	268290at32523	102443386
13735_0:000e76	160510at32523	102462242
13735_0:000e7d	30143at32523	102446500
13735_0:000e7f	258786at32523	102444354
13735_0:000e83	75602at32523	102447979
13735_0:000e87	152479at32523	102450068
13735_0:000e8a	106804at32523	102448229
13735_0:000e8e	200661at32523	102451868
13735_0:000e8f	51856at32523	102451631
13735_0:000e93	236822at32523	102452112
13735_0:000e94	134992at32523	102457767
13735_0:000e95	220440at32523	102460971
13735_0:000e96	19449at32523	102459452
13735_0:000e97	17218at32523	102461208
13735_0:000e98	74845at32523	102460005
13735_0:000e9b	155997at32523	102457251
13735_0:000e9c	267537at32523	102460493
13735_0:000e9d	64072at32523	102458177
13735_0:000e9e	180794at32523	102452874
13735_0:000e9f	283406at32523	102456768
13735_0:000ea0	136073at32523	102460246
13735_0:000ea3	261486at32523	102460735
13735_0:000ea4	149605at32523	102458584
13735_0:000ea6	48118at32523	102454601
13735_0:000ea9	195522at32523	102453878
13735_0:000eae	180304at32523	102447556
13735_0:000eb0	241282at32523	102446097
13735_0:000eb4	13033at32523	102450686
13735_0:000eb5	167660at32523	102446565
13735_0:000ebb	119258at32523	102444189
13735_0:000ebe	296115at32523	102454778
13735_0:000ec1	71241at32523	102445136
13735_0:000ec2	62220at32523	102457252
13735_0:000ec4	224410at32523	102461141
13735_0:000ec7	101675at32523	102463711
13735_0:000eca	21151at32523	102446331
13735_0:000ece	275101at32523	102453125
13735_0:000ecf	181765at32523	102451167
13735_0:000ed5	80900at32523	102460893
13735_0:000edc	249581at32523	102463533
13735_0:000edf	214443at32523	102443718
13735_0:000ee1	167608at32523	102445633
13735_0:000ee9	215459at32523	102458258
13735_0:000eed	249397at32523	102459844
13735_0:000ef1	201802at32523	102448230
13735_0:000ef7	283138at32523	102458504
13735_0:000f00	286638at32523	102456851
13735_0:000f03	139731at32523	102447054
13735_0:000f08	232356at32523	102461617
13735_0:000f0a	172636at32523	102452615
13735_0:000f0d	54322at32523	102463616
13735_0:000f17	76673at32523	102463872
13735_0:000f1a	204152at32523	102461286
13735_0:000f1c	177102at32523	102456521
13735_0:000f20	141057at32523	102460405
13735_0:000f29	175128at32523	102458344
13735_0:000f2d	7033at32523	102445870
13735_0:000f39	186204at32523	102451402
13735_0:000f42	226133at32523	102452291
13735_0:000f58	191790at32523	102459373
13735_0:000f61	254990at32523	102462730
13735_0:000f62	252709at32523	102462487
13735_0:000f63	240735at32523	102462974
13735_0:000f68	214178at32523	102445210
13735_0:000f6f	171612at32523	102444969
13735_0:000f72	165328at32523	102448390
13735_0:000f73	78906at32523	102448623
13735_0:000f77	205833at32523	102446183
13735_0:000f7a	56400at32523	102446811
13735_0:000f7d	256818at32523	102447056
13735_0:000f82	135504at32523	102451482
13735_0:000f83	42164at32523	102450312
13735_0:000f84	254390at32523	102453484
13735_0:000f8e	189181at32523	102462811
13735_0:000f91	118292at32523	102461045
13735_0:000f93	45281at32523	102447057
13735_0:000f97	168522at32523	102445948
13735_0:000f98	242152at32523	102448547
13735_0:000f9d	214516at32523	102462574
13735_0:000f9f	50847at32523	102446812
13735_0:000fa1	238813at32523	102462158
13735_0:000fa2	234747at32523	106731494
13735_0:000fa3	196833at32523	102446568
13735_0:000fa5	263172at32523	102458892
13735_0:000fa8	193457at32523	102448308
13735_0:000fa9	262036at32523	102463056
13735_0:000fab	271984at32523	102447314
13735_0:000fae	78163at32523	102449029
13735_0:000fb3	170019at32523	102452461
13735_0:000fb4	208180at32523	102449273
13735_0:000fb6	110921at32523	102450235
13735_0:000fb7	212302at32523	102463218
13735_0:000fb8	265063at32523	102463451
13735_0:000fbd	203181at32523	102447058
13735_0:000fc7	232313at32523	102452048
13735_0:000fca	261659at32523	102454357
13735_0:000fd1	277691at32523	102447806
13735_0:000fdd	47038at32523	102448465
13735_0:000fe0	125701at32523	102455616
13735_0:000fe2	209730at32523	102446665
13735_0:000fe4	90638at32523	102451085
13735_0:000fe5	53783at32523	102464050
13735_0:000fe9	74208at32523	102454604
13735_0:000fec	204259at32523	102454868
13735_0:000ff1	168809at32523	102456522
13735_0:000ff5	281245at32523	102458971
13735_0:000ff8	250688at32523	102457011
13735_0:000ffe	251245at32523	102460169
13735_0:000fff	149535at32523	102459619
13735_0:001000	39986at32523	102462977
13735_0:001002	174944at32523	102444192
13735_0:001004	188969at32523	102445138
13735_0:001005	115348at32523	102447482
13735_0:00102b	224463at32523	102443721
13735_0:001030	101303at32523	102460800
13735_0:001038	84282at32523	102461047
13735_0:00104b	126941at32523	102450137
13735_0:00104e	287713at32523	102449906
13735_0:001050	49691at32523	102451637
13735_0:001051	37414at32523	102452295
13735_0:001053	17403at32523	102451873
13735_0:001054	302394at32523	102453570
13735_0:001060	279628at32523	102443645
13735_0:001061	135286at32523	102446668
13735_0:001067	225670at32523	102462090
13735_0:001069	243385at32523	102443389
13735_0:00106b	224090at32523	102457772
13735_0:00106d	101164at32523	102445213
13735_0:00106e	239803at32523	102445952
13735_0:001071	232093at32523	102446909
13735_0:001072	15955at32523	102461530
13735_0:001090	283853at32523	102456610
13735_0:001091	287339at32523	102459376
13735_0:001093	133989at32523	102459930
13735_0:001094	76590at32523	102460171
13735_0:001096	4202at32523	102457774
13735_0:001098	129141at32523	102460738
13735_0:00109d	159144at32523	102462245
13735_0:0010a3	254370at32523	102463717
13735_0:0010a9	131584at32523	102444661
13735_0:0010b1	67909at32523	102449661
13735_0:0010b2	276024at32523	102448703
13735_0:0010b6	207508at32523	102449425
13735_0:0010d0	96931at32523	102458429
13735_0:0010d4	180533at32523	102456361
13735_0:0010d7	210132at32523	102459458
13735_0:0010d9	59688at32523	102458670
13735_0:0010e3	170296at32523	102444735
13735_0:0010e6	90019at32523	102447157
13735_0:0010e7	243504at32523	102445953
13735_0:0010e8	87559at32523	102446742
13735_0:0010ea	84637at32523	102444358
13735_0:0010ef	82304at32523	102447653
13735_0:0010f0	85827at32523	102453966
13735_0:0010f1	264039at32523	102451091
13735_0:0010f7	193635at32523	102451485
13735_0:0010f8	93219at32523	102450543
13735_0:0010fd	172222at32523	102450767
13735_0:001100	217877at32523	102449276
13735_0:001101	70556at32523	102449748
13735_0:001108	151890at32523	102462575
13735_0:001109	133170at32523	102449032
13735_0:00110d	216921at32523	102447906
13735_0:00110f	135094at32523	102451722
13735_0:001112	208422at32523	102448789
13735_0:001116	195804at32523	102463967
13735_0:001117	138953at32523	102452975
13735_0:00111f	264963at32523	102456269
13735_0:001127	186192at32523	102454605
13735_0:001130	115831at32523	102459056
13735_0:001132	175395at32523	102459539
13735_0:001133	64483at32523	102459931
13735_0:00113b	270902at32523	102462091
13735_0:001142	143774at32523	102463061
13735_0:00114b	63752at32523	102444813
13735_0:001170	205555at32523	102460322
13735_0:001171	34225at32523	102462577
13735_0:001172	200749at32523	102456271
13735_0:001173	129099at32523	102463793
13735_0:001175	264646at32523	102461294
13735_0:001176	28404at32523	102463305
13735_0:00117a	158052at32523	102457775
13735_0:00117b	232550at32523	102458895
13735_0:00117d	67700at32523	102456024
13735_0:001181	95210at32523	102456858
13735_0:001182	53019at32523	102458351
13735_0:00118d	139448at32523	102444662
13735_0:001192	9072at32523	102450690
13735_0:00119c	148851at32523	102452726
13735_0:00119d	253541at32523	102443961
13735_0:0011a0	97737at32523	102463138
13735_0:0011a1	304333at32523	102445642
13735_0:0011a2	184832at32523	102456111
13735_0:0011a5	91600at32523	102445144
13735_0:0011a7	74051at32523	102454959
13735_0:0011a8	181153at32523	102444900
13735_0:0011aa	279005at32523	102460323
13735_0:0011af	266661at32523	102463541
13735_0:0011b1	146084at32523	102453573
13735_0:0011b2	241607at32523	102458815
13735_0:0011b4	79536at32523	102443557
13735_0:0011bb	97737at32523	102463138
13735_0:0011bc	101012at32523	102452978
13735_0:0011e2	201942at32523	102457184
13735_0:0011e3	241750at32523	102456614
13735_0:0011e4	200680at32523	102455298
13735_0:0011e5	277188at32523	102455860
13735_0:0011ea	100516at32523	102444042
13735_0:0011ff	145779at32523	102444736
13735_0:001209	184192at32523	102453886
13735_0:001219	7640at32523	102458353
13735_0:00121a	116561at32523	102458816
13735_0:00121d	11446at32523	102458112
13735_0:00121e	268020at32523	102461627
13735_0:001220	241769at32523	102459851
13735_0:001221	119217at32523	102459296
13735_0:001222	156345at32523	102463542
13735_0:001225	87897at32523	102462163
13735_0:001229	215463at32523	102445055
13735_0:00122e	36389at32523	102454361
13735_0:00122f	6878at32523	102456860
13735_0:001232	153562at32523	102448237
13735_0:001234	160962at32523	102454787
13735_0:001235	111050at32523	102450851
13735_0:001236	195214at32523	102451336
13735_0:001237	133426at32523	102448877
13735_0:00123a	142837at32523	102446744
13735_0:00123c	163714at32523	102455045
13735_0:00123e	51860at32523	102453970
13735_0:001243	52531at32523	102451094
13735_0:001245	213933at32523	102450615
13735_0:001248	106726at32523	102458509
13735_0:001249	234369at32523	102457860
13735_0:00124b	122749at32523	102458896
13735_0:00124c	189488at32523	102458264
13735_0:00124d	81724at32523	102446433
13735_0:001251	113548at32523	102463065
13735_0:001253	296497at32523	102453575
13735_0:001258	270155at32523	102460805
13735_0:00125b	82231at32523	102454446
13735_0:00125e	27629at32523	102460014
13735_0:00125f	230279at32523	102459772
13735_0:001260	203491at32523	102444278
13735_0:001262	171155at32523	102461387
13735_0:001268	39633at32523	102453971
13735_0:00126a	286526at32523	102446193
13735_0:00126c	180371at32523	102462817
13735_0:001273	189075at32523	102444816
13735_0:00128b	121474at32523	102462892
13735_0:001292	230820at32523	102461466
13735_0:001295	237986at32523	102460979
13735_0:001298	230821at32523	102461215
13735_0:00129b	112399at32523	102444737
13735_0:00129f	235208at32523	102443648
13735_0:0012a0	76638at32523	102445216
13735_0:0012a1	210368at32523	102445481
13735_0:0012b0	112843at32523	102449910
13735_0:0012b9	142856at32523	102451880
13735_0:0012bf	92493at32523	102456617
13735_0:0012c3	33404at32523	102455705
13735_0:0012e0	21815at32523	102463372
13735_0:0012e5	288885at32523	102463879
13735_0:0012e9	28417at32523	102445300
13735_0:0012ea	8402at32523	102450238
13735_0:0012ec	178473at32523	102447244
13735_0:0012ed	201577at32523	102447659
13735_0:0012ee	128883at32523	102449827
13735_0:0012ef	37229at32523	102450852
13735_0:0012f2	104336at32523	102447911
13735_0:0012f4	164580at32523	102446107
13735_0:0012f8	178523at32523	102453813
13735_0:0012f9	126373at32523	102458979
13735_0:0012fb	125671at32523	102458747
13735_0:0012fe	203144at32523	102454285
13735_0:001302	94146at32523	102455123
13735_0:001303	215289at32523	102459461
13735_0:001305	141518at32523	102452121
13735_0:00130a	231396at32523	102454040
13735_0:00130b	168302at32523	102452620
13735_0:001312	192203at32523	102462250
13735_0:001314	243330at32523	102463973
13735_0:001315	126946at32523	102463227
13735_0:001316	52305at32523	102447065
13735_0:001317	258205at32523	102462983
13735_0:00131a	121201at32523	102463723
13735_0:00131b	278960at32523	102463460
13735_0:00131e	235300at32523	102444437
13735_0:001327	147202at32523	102445877
13735_0:001328	176970at32523	102448314
13735_0:001329	174347at32523	102444044
13735_0:001337	42390at32523	102455947
13735_0:00133c	230548at32523	102453888
13735_0:001349	141791at32523	102458818
13735_0:00134d	49418at32523	102463724
13735_0:001352	137199at32523	102462984
13735_0:001356	123902at32523	102460499
13735_0:00135b	237066at32523	102444438
13735_0:001363	221262at32523	102454529
13735_0:001366	137560at32523	102448952
13735_0:001368	214115at32523	102459626
13735_0:001369	187650at32523	102453729
13735_0:00136d	220683at32523	102457434
13735_0:00136e	15001at32523	102460806
13735_0:001370	109356at32523	102458186
13735_0:001376	230709at32523	102445058
13735_0:00138b	150141at32523	106731586
13735_0:00138e	115644at32523	102449278
13735_0:001397	218677at32523	102445644
13735_0:001398	131366at32523	102445406
13735_0:00139c	205234at32523	102463975
13735_0:0013a0	262098at32523	102444360
13735_0:0013a5	254100at32523	102453232
13735_0:0013a6	91024at32523	102453490
13735_0:0013a7	88030at32523	102452055
13735_0:0013aa	152395at32523	102455046
13735_0:0013ab	208010at32523	102455862
13735_0:0013ad	14845at32523	102454205
13735_0:0013b1	165319at32523	102457352
13735_0:0013b3	218233at32523	102461629
13735_0:0013b9	153158at32523	102459854
13735_0:0013ba	196596at32523	102462894
13735_0:0013bb	66317at32523	102462167
13735_0:0013bc	109060at32523	102460093
13735_0:0013bd	242089at32523	102457778
13735_0:0013c1	246738at32523	102444361
13735_0:0013c8	183694at32523	102445797
13735_0:0013ca	135233at32523	102447408
13735_0:0013d2	15549at32523	102450619
13735_0:0013d5	113971at32523	102457101
13735_0:0013d7	55373at32523	102452368
13735_0:0013d9	272967at32523	102463307
13735_0:0013da	145957at32523	102461389
13735_0:0013db	241495at32523	102449666
13735_0:0013dc	234304at32523	102459216
13735_0:0013df	87951at32523	102457517
13735_0:0013e2	160202at32523	102456621
13735_0:0013e6	118055at32523	102461876
13735_0:0013e8	22306at32523	102462339
13735_0:0013e9	145923at32523	102456369
13735_0:0013eb	105130at32523	102459462
13735_0:0013ee	240559at32523	102460666
13735_0:0013ef	148370at32523	102458435
13735_0:0013f1	204379at32523	102462655
13735_0:0013f2	263559at32523	102445798
13735_0:0013f5	12302at32523	102452056
13735_0:0013f8	201317at32523	102461630
13735_0:0013f9	203588at32523	102461298
13735_0:0013fa	75753at32523	102463544
13735_0:0013fc	161263at32523	102445407
13735_0:0013ff	111285at32523	102447486
13735_0:001403	22579at32523	102455707
13735_0:001404	120245at32523	102448316
13735_0:001406	78281at32523	102450546
13735_0:001407	246864at32523	102454789
13735_0:00140a	41395at32523	102462819
13735_0:00140c	218681at32523	102461709
13735_0:00140e	194734at32523	102460904
13735_0:00140f	196361at32523	102463373
13735_0:001412	211044at32523	102459701
13735_0:001416	185981at32523	102462582
13735_0:001419	222522at32523	102463144
13735_0:00141a	283086at32523	102460016
13735_0:00141c	111475at32523	102451491
13735_0:00141d	189151at32523	102452982
13735_0:00141e	130932at32523	102444976
13735_0:001424	210626at32523	102453234
13735_0:001428	216435at32523	102447487
13735_0:001429	168450at32523	102445408
13735_0:001430	242374at32523	102446506
13735_0:001431	32134at32523	102451010
13735_0:001433	129956at32523	102450145
13735_0:001434	188643at32523	102445799
13735_0:001435	38760at32523	102444439
13735_0:001446	20577at32523	102456697
13735_0:001447	253631at32523	102456193
13735_0:00144b	14142at32523	102458266
13735_0:00144f	190153at32523	102458028
13735_0:001457	163200at32523	102461877
13735_0:00145c	16602at32523	102457188
13735_0:00145d	195570at32523	102458436
13735_0:00145e	158955at32523	102455125
13735_0:001466	202915at32523	102451249
13735_0:001468	149790at32523	102454873
13735_0:00146a	198743at32523	102443803
13735_0:00146c	32790at32523	102450396
13735_0:00146d	144155at32523	102452215
13735_0:00146e	305237at32523	106731611
13735_0:001475	132426at32523	102455538
13735_0:001479	50206at32523	102446914
13735_0:00147d	228563at32523	102457940
13735_0:00147e	60376at32523	102447741
13735_0:001482	150577at32523	102449668
13735_0:001486	157184at32523	102444440
13735_0:001487	87325at32523	102459628
13735_0:001489	232417at32523	102460017
13735_0:00148b	256879at32523	102460414
13735_0:00148f	176224at32523	102462341
13735_0:0014a0	36985at32523	102446033
13735_0:0014a2	287965at32523	102445147
13735_0:0014a5	170550at32523	102448472
13735_0:0014a6	52870at32523	102447816
13735_0:0014af	219664at32523	102450472
13735_0:0014b3	49559at32523	102450694
13735_0:0014b4	80962at32523	102451885
13735_0:0014b5	166597at32523	102453645
13735_0:0014b6	82622at32523	102453890
13735_0:0014b8	166186at32523	102452880
13735_0:0014ba	293265at32523	102453391
13735_0:0014c0	283521at32523	102463977
13735_0:0014c1	121184at32523	102459629
13735_0:0014c2	77878at32523	102445303
13735_0:0014c8	199406at32523	102459382
13735_0:0014d1	303889at32523	102459855
13735_0:0014d7	217248at32523	102458675
13735_0:0014db	300642at32523	102463145
13735_0:0014dd	146830at32523	102445556
13735_0:0014e1	82205at32523	102453237
13735_0:0014e7	256267at32523	102453492
13735_0:0014f4	20483at32523	102455303
13735_0:0014fc	171348at32523	102462656
13735_0:0014fe	110242at32523	102458029
13735_0:001500	22537at32523	102460907
13735_0:001502	230130at32523	102458750
13735_0:001505	203774at32523	102446436
13735_0:00150c	99446at32523	102463546
13735_0:001510	192653at32523	102444280
13735_0:001511	232302at32523	102444046
13735_0:001516	161938at32523	102460669
13735_0:001517	236470at32523	102445482
13735_0:001518	17600at32523	102444978
13735_0:001522	214220at32523	102453324
13735_0:001525	106954at32523	102450146
13735_0:001527	69006at32523	102453577
13735_0:001528	263953at32523	102452809
13735_0:001529	202262at32523	102450943
13735_0:00152a	184879at32523	102449670
13735_0:00152e	185285at32523	102448167
13735_0:00153d	48768at32523	102445878
13735_0:00153f	86715at32523	102462170
13735_0:00154e	271060at32523	102444281
13735_0:00155e	158493at32523	102459062
13735_0:001562	161728at32523	102454612
13735_0:001564	105863at32523	102462584
13735_0:001566	114246at32523	102456775
13735_0:001567	76356at32523	102454208
13735_0:001569	71466at32523	102457189
13735_0:00156c	134746at32523	102463068
13735_0:00156d	48580at32523	102460176
13735_0:00156e	87494at32523	102458031
13735_0:001571	105863at32523	106731642
13735_0:001574	114439at32523	102459630
13735_0:001577	278412at32523	102463797
13735_0:001578	2109at32523	102462099
13735_0:00157a	129406at32523	102452881
13735_0:00157b	218075at32523	102453815
13735_0:00157d	37091at32523	102451576
13735_0:00157e	242973at32523	102445148
13735_0:00157f	264979at32523	102444047
13735_0:001588	270073at32523	102446344
13735_0:001594	260322at32523	102449831
13735_0:001595	257713at32523	102457353
13735_0:00159b	155984at32523	102453891
13735_0:00159c	296396at32523	102450696
13735_0:00159d	142484at32523	102457103
13735_0:00159e	142150at32523	102453392
13735_0:0015a1	104070at32523	102454963
13735_0:0015a2	119509at32523	102454532
13735_0:0015a4	106057at32523	102453130
13735_0:0015a6	144934at32523	102452882
13735_0:0015a8	226787at32523	102451338
13735_0:0015af	121285at32523	102459217
13735_0:0015b0	114393at32523	102459935
13735_0:0015b9	193528at32523	102462497
13735_0:0015c4	65760at32523	102457190
13735_0:0015c7	46594at32523	102446916
13735_0:0015ca	145343at32523	102447915
13735_0:0015cb	253565at32523	102448168
13735_0:0015cd	78579at32523	102446199
13735_0:0015d3	165606at32523	102445061
13735_0:0015d7	157968at32523	102445723
13735_0:0015d9	101114at32523	102447661
13735_0:0015db	226027at32523	102449279
13735_0:0015dd	76401at32523	102454613
13735_0:0015df	205909at32523	102448402
13735_0:0015e1	31843at32523	102452124
13735_0:0015e6	279957at32523	102459631
13735_0:0015e7	259647at32523	102464057
13735_0:0015e8	205502at32523	102463798
13735_0:0015ed	10949at32523	102443806
13735_0:0015f1	277530at32523	102444048
13735_0:0015fa	172934at32523	102445959
13735_0:0015fd	88940at32523	102446676
13735_0:001602	290216at32523	102451647
13735_0:001608	237255at32523	102454450
13735_0:001618	207983at32523	102460910
13735_0:00161e	91631at32523	102456196
13735_0:00161f	200828at32523	102457941
13735_0:001621	58398at32523	102456701
13735_0:001623	264332at32523	102460178
13735_0:001626	267170at32523	102456453
13735_0:001627	105125at32523	102457685
13735_0:001628	123057at32523	102461393
13735_0:00162a	70008at32523	102458599
13735_0:001632	99743at32523	102450320
13735_0:001636	167645at32523	102443728
13735_0:001637	88879at32523	102462985
13735_0:00163d	13828at32523	102450773
13735_0:001640	157816at32523	102451729
13735_0:001642	233304at32523	102454288
13735_0:001649	160404at32523	102453493
13735_0:00164c	227433at32523	102455619
13735_0:001657	164437at32523	102461636
13735_0:001658	23829at32523	102457354
13735_0:00165c	107727at32523	102443729
13735_0:00165d	94161at32523	102459220
13735_0:00165e	17056at32523	102443482
13735_0:001660	51212at32523	102458751
13735_0:001667	32680at32523	102447247
13735_0:00166a	85696at32523	102446748
13735_0:00166b	291434at32523	102445648
13735_0:00166e	198092at32523	102449584
13735_0:001671	128317at32523	102450774
13735_0:001672	126689at32523	102450001
13735_0:001679	87594at32523	102451969
13735_0:00167a	93479at32523	102452374
13735_0:001684	143618at32523	102454533
13735_0:001685	149214at32523	102456529
13735_0:001686	70364at32523	106731683
13735_0:00168a	221686at32523	102457686
13735_0:00168e	230860at32523	102452057
13735_0:001690	28823at32523	102446035
13735_0:001693	130229at32523	102445220
13735_0:001694	45054at32523	102448241
13735_0:001696	218099at32523	102460419
13735_0:001697	257507at32523	102455305
13735_0:001698	260715at32523	102451015
13735_0:001699	296516at32523	102449915
13735_0:00169d	121275at32523	102454534
13735_0:0016a1	180133at32523	102462171
13735_0:0016a6	67743at32523	102444599
13735_0:0016a9	39925at32523	102453326
13735_0:0016ab	156795at32523	102454793
13735_0:0016af	119417at32523	102460672
13735_0:0016b0	281663at32523	102460179
13735_0:0016b1	141597at32523	102461299
13735_0:0016b7	117562at32523	102462586
13735_0:0016b8	243842at32523	102451252
13735_0:0016b9	164604at32523	102463881
13735_0:0016bc	260464at32523	102452302
13735_0:0016bd	31515at32523	102458677
13735_0:0016c6	49447at32523	102457259
13735_0:0016c8	34087at32523	102459705
13735_0:0016cc	11302at32523	102459937
13735_0:0016cd	273025at32523	102460180
13735_0:0016df	280269at32523	102444980
13735_0:0016e1	152992at32523	102444739
13735_0:0016e3	165049at32523	102447327
13735_0:0016e4	265077at32523	102447571
13735_0:0016f1	189257at32523	102449752
13735_0:0016f3	206788at32523	102451648
13735_0:0016fc	135004at32523	102453067
13735_0:0016fd	103182at32523	102453580
13735_0:001706	77165at32523	102456278
13735_0:00170a	168114at32523	102446202
13735_0:00170b	252117at32523	102462987
13735_0:00170c	175462at32523	102447165
13735_0:00170f	292567at32523	102448878
13735_0:001715	103448at32523	102448557
13735_0:001719	97153at32523	102446677
13735_0:00171c	271603at32523	102449512
13735_0:00171f	152780at32523	102449113
13735_0:001721	291475at32523	102461151
13735_0:001725	142027at32523	102443566
13735_0:001727	156603at32523	102463799
13735_0:00172e	99023at32523	102451415
13735_0:00172f	257442at32523	102448319
13735_0:001731	199020at32523	102457260
13735_0:001732	47871at32523	102443808
13735_0:001733	100098at32523	102460259
13735_0:001735	173582at32523	102462345
13735_0:001736	239575at32523	102451176
13735_0:00173d	193851at32523	102446749
13735_0:00173e	50548at32523	102452376
13735_0:00173f	290670at32523	102459301
13735_0:001746	283389at32523	102445802
13735_0:001748	205883at32523	102452129
13735_0:00174d	250362at32523	102460181
13735_0:00174e	71664at32523	102449916
13735_0:00174f	18041at32523	102447411
13735_0:001750	73623at32523	102463147
13735_0:001753	177538at32523	102449674
13735_0:001754	292367at32523	102460421
13735_0:001758	282917at32523	102443809
13735_0:00175c	91732at32523	102463550
13735_0:00175d	169435at32523	102458033
13735_0:001760	154908at32523	102443483
13735_0:001762	197140at32523	102462899
13735_0:001763	242171at32523	102450148
13735_0:001764	160677at32523	102447166
13735_0:001766	173550at32523	102451889
13735_0:00176a	288701at32523	102458513
13735_0:001771	255697at32523	102456779
13735_0:001779	155190at32523	102460982
13735_0:00177b	35115at32523	102454794
13735_0:00177c	131464at32523	102454291
13735_0:00177d	115764at32523	102446278
13735_0:00177e	254286at32523	102443653
13735_0:00177f	301160at32523	102462659
13735_0:001780	88380at32523	102453327
13735_0:001789	187335at32523	102452058
13735_0:00178a	193873at32523	102445880
13735_0:00178b	198705at32523	102461469
13735_0:00178c	128177at32523	102452552
13735_0:00178e	211043at32523	102463231
13735_0:001792	290185at32523	102449114
13735_0:001795	53844at32523	102445412
13735_0:001799	135540at32523	102452304
13735_0:00179d	144209at32523	102447744
13735_0:0017a0	241794at32523	102455051
13735_0:0017a1	16495at32523	102457521
13735_0:0017b4	157569at32523	102462900
13735_0:0017ba	296706at32523	102454045
13735_0:0017bb	168840at32523	102457944
13735_0:0017bf	297197at32523	102450398
13735_0:0017c0	271809at32523	102459632
13735_0:0017c2	140988at32523	102449283
13735_0:0017c5	182485at32523	102453819
13735_0:0017c6	19325at32523	102453328
13735_0:0017c7	159991at32523	102457687
13735_0:0017c9	179213at32523	102456780
13735_0:0017cc	222657at32523	102459858
13735_0:0017ce	62039at32523	102452629
13735_0:0017d0	245069at32523	102461152
13735_0:0017d6	33110at32523	102463466
13735_0:0017d8	209752at32523	102452886
13735_0:0017da	11278at32523	102462102
13735_0:0017db	215043at32523	102443484
13735_0:0017e0	47222at32523	102450150
13735_0:0017e2	127324at32523	102453582
13735_0:0017e3	212430at32523	102455131
13735_0:0017e4	62039at32523	102452377
13735_0:0017e8	210226at32523	102448169
13735_0:0017ec	248205at32523	102449586
13735_0:0017ed	260603at32523	102447328
13735_0:0017f2	274027at32523	102445558
13735_0:0017f6	257337at32523	102443967
13735_0:0017f8	279945at32523	102447070
13735_0:0017fb	283167at32523	102451651
13735_0:0017fd	15039at32523	102450550
13735_0:0017fe	209628at32523	102451890
13735_0:001801	142826at32523	102455052
13735_0:001806	128696at32523	102452630
13735_0:001808	263497at32523	102453134
13735_0:001809	110363at32523	102454046
13735_0:00180b	94217at32523	102452887
13735_0:001813	208067at32523	102446508
13735_0:001819	120192at32523	102458601
13735_0:001830	241327at32523	102451970
13735_0:001834	220541at32523	102453240
13735_0:001836	192125at32523	102463069
13735_0:001838	20880at32523	102451179
13735_0:00183f	97344at32523	102461470
13735_0:001841	1174at32523	102443731
13735_0:001843	46097at32523	102462588
13735_0:001846	139005at32523	102445651
13735_0:001847	255382at32523	102452379
13735_0:00184a	237758at32523	102459468
13735_0:001850	173832at32523	102448882
13735_0:001858	138747at32523	102454965
13735_0:001859	71868at32523	102450624
13735_0:00185a	146394at32523	102446583
13735_0:00185c	161967at32523	102460984
13735_0:00185f	208294at32523	102443485
13735_0:001865	211154at32523	102452217
13735_0:001867	270003at32523	102453975
13735_0:001869	254060at32523	102462103
13735_0:00186a	89944at32523	102450775
13735_0:00186d	123751at32523	102455467
13735_0:001871	172821at32523	102459939
13735_0:001874	119260at32523	102449044
13735_0:001879	66at32523	102452728
13735_0:001884	116216at32523	102459775
13735_0:00189a	270074at32523	102445308
13735_0:00189c	195101at32523	102446111
13735_0:00189f	36406at32523	102446918
13735_0:0018a0	108945at32523	102447329
13735_0:0018a9	291099at32523	102453329
13735_0:0018aa	25257at32523	102449116
13735_0:0018ab	121589at32523	102453070
13735_0:0018ad	156644at32523	102453584
13735_0:0018af	221304at32523	102451652
13735_0:0018b1	149711at32523	102449360
13735_0:0018b2	211314at32523	102450152
13735_0:0018b3	63845at32523	102452814
13735_0:0018ba	15265at32523	102456198
13735_0:0018bb	122656at32523	102456705
13735_0:0018c0	58258at32523	102457945
13735_0:0018c4	8575at32523	102459469
13735_0:0018c8	278452at32523	102460985
13735_0:0018d1	179601at32523	102463381
13735_0:0018de	77174at32523	102447071
13735_0:0018e4	236801at32523	102450153
13735_0:0018e5	194006at32523	102448883
13735_0:0018e6	215633at32523	102448073
13735_0:0018e8	123907at32523	102448321
13735_0:0018e9	1000at32523	102449919
13735_0:0018ea	196606at32523	102449285
13735_0:0018f5	230017at32523	102453397
13735_0:0018f6	253693at32523	102453135
13735_0:0018f9	75528at32523	102455954
13735_0:001901	163952at32523	102459386
13735_0:001902	172234at32523	102460183
13735_0:001903	160155at32523	102459776
13735_0:001910	167459at32523	102445224
13735_0:001918	205149at32523	102447249
13735_0:001929	101797at32523	102452553
13735_0:00192a	53535at32523	102452815
13735_0:001933	255079at32523	102454538
13735_0:001935	40562at32523	102455054
13735_0:001939	3766at32523	102455865
13735_0:00193a	257320at32523	102456371
13735_0:00193d	167886at32523	102457106
13735_0:001940	136173at32523	102457946
13735_0:001945	204153at32523	102444671
13735_0:001946	245059at32523	102449045
13735_0:001949	135073at32523	102449515
13735_0:00194f	234299at32523	102448074
13735_0:001953	88505at32523	102446988
13735_0:001957	160659at32523	102463382
13735_0:001958	262058at32523	102450475
13735_0:001959	188778at32523	102463803
13735_0:00195c	234426at32523	102462903
13735_0:00195d	234435at32523	102444910
13735_0:00195f	193623at32523	102445309
13735_0:001961	226640at32523	102462255
13735_0:00196b	129465at32523	102453241
13735_0:00196c	230718at32523	102454708
13735_0:00196d	115484at32523	102454213
13735_0:001977	220371at32523	102461303
13735_0:001979	73013at32523	102457783
13735_0:00197a	110217at32523	102443655
13735_0:00197c	241385at32523	102463383
13735_0:00197d	204089at32523	102461714
13735_0:001982	7066at32523	102458825
13735_0:001983	263440at32523	102459549
13735_0:001985	16928at32523	102459942
13735_0:001987	122335at32523	102458035
13735_0:00198b	146509at32523	102460333
13735_0:00198e	134448at32523	102446113
13735_0:00199c	129376at32523	102448404
13735_0:00199e	254190at32523	102452729
13735_0:0019b2	162967at32523	102460334
13735_0:0019b3	241247at32523	102455133
13735_0:0019b4	296619at32523	102448884
13735_0:0019b5	215625at32523	102445065
13735_0:0019ba	171298at32523	102459304
13735_0:0019bb	138888at32523	102448642
13735_0:0019bd	178941at32523	102462174
13735_0:0019be	133765at32523	102448245
13735_0:0019c1	121468at32523	102450156
13735_0:0019c4	149548at32523	102449288
13735_0:0019c5	192560at32523	102455623
13735_0:0019c8	279478at32523	102447663
13735_0:0019cd	13794at32523	102462827
13735_0:0019d1	268973at32523	102454614
13735_0:0019d2	222815at32523	102456119
13735_0:0019d3	91212at32523	102446204
13735_0:0019d7	73551at32523	102456867
13735_0:0019de	419at32523	102463468
13735_0:0019df	122969at32523	102462904
13735_0:0019e6	288374at32523	102444051
13735_0:0019e9	33146at32523	102444985
13735_0:0019eb	85312at32523	102446680
13735_0:0019ec	74212at32523	102446439
13735_0:0019ee	102420at32523	102445489
13735_0:0019ef	283153at32523	102446919
13735_0:0019f7	36212at32523	102454049
13735_0:0019fa	55435at32523	102453331
13735_0:0019fe	144772at32523	102454539
13735_0:0019ff	75221at32523	102450246
13735_0:001a04	173329at32523	102455956
13735_0:001a05	114659at32523	102455055
13735_0:001a06	114654at32523	102455311
13735_0:001a07	207895at32523	102455546
13735_0:001a09	22810at32523	102456201
13735_0:001a0d	49999at32523	102457358
13735_0:001a0f	212281at32523	102457867
13735_0:001a24	205901at32523	102443488
13735_0:001a2c	178490at32523	102453398
13735_0:001a2d	249062at32523	102453651
13735_0:001a2f	69465at32523	102451892
13735_0:001a38	222662at32523	102452730
13735_0:001a39	277953at32523	102448324
13735_0:001a3a	199337at32523	102454367
13735_0:001a3f	78541at32523	102458444
13735_0:001a40	133368at32523	102457263
13735_0:001a43	197458at32523	102456781
13735_0:001a46	49652at32523	102460675
13735_0:001a47	237466at32523	102457022
13735_0:001a49	186362at32523	102457690
13735_0:001a4b	212014at32523	102461153
13735_0:001a4c	211787at32523	102462257
13735_0:001a4d	40227at32523	102461540
13735_0:001a4e	74589at32523	102462009
13735_0:001a4f	176592at32523	102462503
13735_0:001a50	141624at32523	102443489
13735_0:001a52	11992at32523	102463732
13735_0:001a53	142022at32523	102463985
13735_0:001a61	45431at32523	102449588
13735_0:001a63	63280at32523	102455547
13735_0:001a66	181454at32523	102445652
13735_0:001a69	191227at32523	102451255
13735_0:001a6a	173705at32523	102453737
13735_0:001a6b	209208at32523	102453243
13735_0:001a71	82312at32523	102449834
13735_0:001a75	292062at32523	102456782
13735_0:001a77	131824at32523	102451654
13735_0:001a78	133600at32523	102450859
13735_0:001a79	176110at32523	102458036
13735_0:001a7c	65633at32523	102449517
13735_0:001a7d	173655at32523	102459943
13735_0:001a80	5204at32523	102459305
13735_0:001a82	283371at32523	102449046
13735_0:001a83	137161at32523	102462665
13735_0:001a84	151965at32523	102462258
13735_0:001a86	133001at32523	102461541
13735_0:001a8a	307812at32523	102463804
13735_0:001a8b	210225at32523	102459551
13735_0:001a8c	130482at32523	102448802
13735_0:001a8d	250844at32523	102445227
13735_0:001a91	138588at32523	102458683
13735_0:001a98	101417at32523	102447332
13735_0:001a9a	193297at32523	102448078
13735_0:001a9c	174518at32523	102445885
13735_0:001a9d	218908at32523	102450248
13735_0:001aa3	119863at32523	102454800
13735_0:001aac	238302at32523	102452473
13735_0:001ab0	151289at32523	102459306
13735_0:001ab1	188390at32523	102458193
13735_0:001ab2	200948at32523	102456460
13735_0:001ab5	156394at32523	102461306
13735_0:001abb	283638at32523	102461063
13735_0:001abc	296574at32523	102460676
13735_0:001abe	109929at32523	102455548
13735_0:001ac6	55777at32523	102456203
13735_0:001acc	130225at32523	102453399
13735_0:001ace	157717at32523	102454133
13735_0:001ad9	222002at32523	102445963
13735_0:001adb	254021at32523	102447415
13735_0:001ae4	214194at32523	102449290
13735_0:001aea	251416at32523	102449047
13735_0:001af2	273570at32523	102449759
13735_0:001af6	217513at32523	102457442
13735_0:001af9	30724at32523	102461154
13735_0:001afa	238843at32523	102446116
13735_0:001afd	260416at32523	102444448
13735_0:001afe	276957at32523	102444213
13735_0:001aff	155954at32523	102458912
13735_0:001b06	299737at32523	102446350
13735_0:001b09	113035at32523	102445415
13735_0:001b0e	49333at32523	102444912
13735_0:001b10	308798at32523	102462666
13735_0:001b14	155889at32523	102450157
13735_0:001b1b	221414at32523	102448561
13735_0:001b1c	212264at32523	102448326
13735_0:001b1d	145562at32523	102450553
13735_0:001b1f	105327at32523	102463471
13735_0:001b20	109977at32523	102454134
13735_0:001b23	76649at32523	102453138
13735_0:001b24	145190at32523	102450403
13735_0:001b37	66990at32523	102449923
13735_0:001b3b	178746at32523	106731816
13735_0:001b3c	13671at32523	102453400
13735_0:001b3e	9015at32523	102449678
13735_0:001b46	130802at32523	102447748
13735_0:001b48	255510at32523	102454616
13735_0:001b4b	100325at32523	102463235
13735_0:001b4c	142624at32523	102463883
13735_0:001b51	35484at32523	102451975
13735_0:001b5f	133898at32523	102456948
13735_0:001b62	188688at32523	102455959
13735_0:001b64	120253at32523	102459860
13735_0:001b65	64841at32523	102455226
13735_0:001b66	60413at32523	102455720
13735_0:001b6d	281830at32523	102459224
13735_0:001b6e	154924at32523	102462259
13735_0:001b6f	178294at32523	102460099
13735_0:001b70	32816at32523	102459470
13735_0:001b77	6923at32523	102461308
13735_0:001b89	56858at32523	102450080
13735_0:001b8a	83928at32523	102445886
13735_0:001b8c	154136at32523	102449589
13735_0:001b8e	10244at32523	102448405
13735_0:001b8f	141874at32523	102447416
13735_0:001b90	256441at32523	102448170
13735_0:001b94	138010at32523	102449835
13735_0:001b96	119840at32523	102449362
13735_0:001b98	120257at32523	102449118
13735_0:001b9c	261382at32523	102450480
13735_0:001b9d	106549at32523	102450703
13735_0:001ba8	18178at32523	102456121
13735_0:001bad	209931at32523	102456870
13735_0:001bb9	89794at32523	102450704
13735_0:001bba	230754at32523	102459225
13735_0:001bc1	280313at32523	102449519
13735_0:001bc2	169930at32523	102446991
13735_0:001bc7	269108at32523	102450250
13735_0:001bc8	274866at32523	102450006
13735_0:001bc9	235866at32523	102461544
13735_0:001bcb	186255at32523	102451895
13735_0:001bcc	123289at32523	102448080
13735_0:001bcd	245997at32523	102460187
13735_0:001bd0	134159at32523	102451422
13735_0:001bd4	6055at32523	102449291
13735_0:001bd5	31904at32523	102452384
13735_0:001bd8	26562at32523	102461940
13735_0:001bda	257821at32523	102448805
13735_0:001bdb	300164at32523	102458988
13735_0:001be1	293635at32523	102455549
13735_0:001be5	138015at32523	102461787
13735_0:001be6	165502at32523	102455792
13735_0:001be9	202759at32523	102462260
13735_0:001bee	99669at32523	102462011
13735_0:001bef	187227at32523	102459553
13735_0:001bf0	36670at32523	102463238
13735_0:001bf3	295931at32523	102458038
13735_0:001bfa	78888at32523	102462993
13735_0:001bfc	140105at32523	102456033
13735_0:001c12	291252at32523	102450554
13735_0:001c1d	189290at32523	102447418
13735_0:001c1f	188128at32523	102451976
13735_0:001c20	239641at32523	102452221
13735_0:001c21	110140at32523	102453140
13735_0:001c23	200398at32523	102455470
13735_0:001c24	208100at32523	102454296
13735_0:001c25	304171at32523	102454050
13735_0:001c26	46482at32523	102454540
13735_0:001c2b	43954at32523	102456949
13735_0:001c33	159704at32523	106731855
13735_0:001c39	206062at32523	102461788
13735_0:001c3a	119666at32523	106731245
13735_0:001c3e	39067at32523	102463884
13735_0:001c42	1959at32523	102463628
13735_0:001c45	128422at32523	102460100
13735_0:001c47	187615at32523	102444130
13735_0:001c4a	181336at32523	102444827
13735_0:001c4c	105469at32523	102446442
13735_0:001c4d	287818at32523	102445228
13735_0:001c5a	282515at32523	102454710
13735_0:001c6f	91107at32523	102459862
13735_0:001c75	35695at32523	102461473
13735_0:001c79	109112at32523	102463386
13735_0:001c7a	15162at32523	102463806
13735_0:001c7c	279464at32523	102464063
13735_0:001c85	174611at32523	102446282
13735_0:001c86	81228at32523	102447668
13735_0:001c88	104547at32523	102448887
13735_0:001c94	147995at32523	102450861
13735_0:001cb4	266540at32523	102450082
13735_0:001cb5	85149at32523	102450159
13735_0:001cb7	84779at32523	102448645
13735_0:001cb8	159696at32523	102460990
13735_0:001cbb	286462at32523	102450404
13735_0:001cbc	152969at32523	102449438
13735_0:001cbf	118610at32523	102443739
13735_0:001cc5	213495at32523	102448081
13735_0:001cc7	134124at32523	102448328
13735_0:001cca	67102at32523	102463152
13735_0:001ccb	156936at32523	102448172
13735_0:001cd3	145527at32523	102461717
13735_0:001cd4	96523at32523	102457269
13735_0:001cd6	177431at32523	102454051
13735_0:001cd8	110575at32523	102443657
13735_0:001cda	210667at32523	102444828
13735_0:001cdc	273232at32523	102459472
13735_0:001ce5	228070at32523	102450555
13735_0:001ce7	16701at32523	102452222
13735_0:001ce8	173747at32523	102449121
13735_0:001ce9	80941at32523	102444829
13735_0:001cee	61154at32523	102445889
13735_0:001cef	39463at32523	102446588
13735_0:001cf0	55885at32523	102459707
13735_0:001cf3	65940at32523	102455794
13735_0:001cf6	49619at32523	102463629
13735_0:001cfb	46111at32523	102451734
13735_0:001cfc	37398at32523	102452223
13735_0:001d02	140314at32523	102463072
13735_0:001d0a	29530at32523	102454457
13735_0:001d10	89660at32523	102457530
13735_0:001d12	156612at32523	102462348
13735_0:001d14	198109at32523	102460509
13735_0:001d1a	172732at32523	102443813
13735_0:001d24	144299at32523	102446283
13735_0:001d28	223786at32523	102446510
13735_0:001d29	200054at32523	102448082
13735_0:001d2a	122044at32523	102447335
13735_0:001d2b	227540at32523	102448959
13735_0:001d2c	288247at32523	102449838
13735_0:001d30	152211at32523	102455961
13735_0:001d37	253767at32523	102457199
13735_0:001d39	233383at32523	102455723
13735_0:001d3b	201959at32523	102450951
13735_0:001d3c	263835at32523	102455472
13735_0:001d45	120363at32523	102460104
13735_0:001d46	296580at32523	102461065
13735_0:001d50	179256at32523	102447750
13735_0:001d51	116236at32523	102446994
13735_0:001d52	240332at32523	102444607
13735_0:001d55	113678at32523	102448960
13735_0:001d56	193041at32523	102446444
13735_0:001d5b	163916at32523	102451580
13735_0:001d5f	42445at32523	102444369
13735_0:001d62	7650at32523	102449193
13735_0:001d68	146507at32523	102458830
13735_0:001d6a	157582at32523	102455551
13735_0:001d6b	101129at32523	102460189
13735_0:001d6d	48295at32523	102453741
13735_0:001d75	113181at32523	102461718
13735_0:001d77	263118at32523	102456951
13735_0:001d78	227370at32523	102462830
13735_0:001d8a	240714at32523	102447173
13735_0:001d94	161123at32523	102453502
13735_0:001d96	214816at32523	102454298
13735_0:001d9f	207368at32523	102457201
13735_0:001da1	14011at32523	102456952
13735_0:001da2	273519at32523	102461790
13735_0:001da5	4862at32523	102459782
13735_0:001da6	85843at32523	102444830
13735_0:001da9	53634at32523	102443658
13735_0:001dab	135451at32523	102463630
13735_0:001dae	232639at32523	102447076
13735_0:001daf	239258at32523	102458992
13735_0:001db1	283568at32523	102448083
13735_0:001db3	253171at32523	102462508
13735_0:001db4	107213at32523	102460265
13735_0:001db5	199466at32523	102447577
13735_0:001db9	103791at32523	102447828
13735_0:001dbb	96535at32523	102446590
13735_0:001dbc	114091at32523	102446352
13735_0:001dbf	114733at32523	102462013
13735_0:001dc1	241255at32523	102460024
13735_0:001dd1	162748at32523	102461066
13735_0:001dd4	117356at32523	102461791
13735_0:001dd6	90752at32523	102456466
13735_0:001ddb	20220at32523	102459230
13735_0:001ddd	218927at32523	102455627
13735_0:001de4	62580at32523	102456038
13735_0:001de8	53317at32523	102462750
13735_0:001def	68248at32523	102444744
13735_0:001df2	175626at32523	102446118
13735_0:001df3	205613at32523	102445892
13735_0:001df7	267926at32523	102449521
13735_0:001df8	184350at32523	102448808
13735_0:001dfb	23180at32523	102447671
13735_0:001dff	137083at32523	102450864
13735_0:001e02	44121at32523	102455795
13735_0:001e05	147880at32523	102452992
13735_0:001e07	257488at32523	102455138
13735_0:001e08	88543at32523	102456039
13735_0:001e0b	195845at32523	102455382
13735_0:001e0c	301474at32523	102453503
13735_0:001e0e	47152at32523	102454619
13735_0:001e1a	124651at32523	102458039
13735_0:001e1b	159905at32523	102458762
13735_0:001e24	130225at32523	102448408
13735_0:001e29	203763at32523	102445728
13735_0:001e2c	243669at32523	102446754
13735_0:001e2e	117499at32523	102444289
13735_0:001e31	58295at32523	102450486
13735_0:001e38	261524at32523	102451104
13735_0:001e3a	38690at32523	102451346
13735_0:001e3e	201530at32523	102451584
13735_0:001e3f	1093at32523	102451822
13735_0:001e51	2694at32523	102461475
13735_0:001e54	208035at32523	102446755
13735_0:001e57	36409at32523	102462178
13735_0:001e58	240612at32523	102461943
13735_0:001e5b	214926at32523	102443974
13735_0:001e5f	263553at32523	102445660
13735_0:001e63	89111at32523	102445067
13735_0:001e67	254638at32523	102462668
13735_0:001e6b	105574at32523	102444747
13735_0:001e6c	177909at32523	102459231
13735_0:001e6e	273260at32523	102458607
13735_0:001e78	198687at32523	102456377
13735_0:001e7c	212952at32523	102455059
13735_0:001e7d	113562at32523	102461944
13735_0:001e81	78175at32523	102456714
13735_0:001e82	135243at32523	102452737
13735_0:001e85	82937at32523	102456122
13735_0:001e88	296383at32523	102445233
13735_0:001e89	167562at32523	102458994
13735_0:001e8a	110654at32523	102444991
13735_0:001e8d	145796at32523	102451823
13735_0:001e8e	129996at32523	102460190
13735_0:001e96	122960at32523	102446210
13735_0:001e9f	239130at32523	102450010
13735_0:001ea8	24191at32523	102450405
13735_0:001eaf	61142at32523	102457448
13735_0:001eb0	61620at32523	102457695
13735_0:001eb1	192537at32523	102444133
13735_0:001eb2	242822at32523	102462670
13735_0:001eb3	98125at32523	102444917
13735_0:001eb4	43353at32523	102445894
13735_0:001eb5	62739at32523	102446756
13735_0:001eb7	101514at32523	102445661
13735_0:001eb9	64620at32523	102445158
13735_0:001ebe	83668at32523	102448249
13735_0:001ebf	140603at32523	102444370
13735_0:001ec0	80443at32523	102462264
13735_0:001ec1	158657at32523	102460992
13735_0:001ec2	187823at32523	102446995
13735_0:001ec3	93141at32523	102459784
13735_0:001ec6	80907at32523	102461225
13735_0:001ec7	63294at32523	102448001
13735_0:001ec9	275532at32523	102460427
13735_0:001ecb	300031at32523	102463476
13735_0:001ecc	92917at32523	102445421
13735_0:001ece	211691at32523	102443659
13735_0:001ed1	162915at32523	102448964
13735_0:001ed2	260781at32523	102449198
13735_0:001ee2	178688at32523	102460751
13735_0:001ee4	249321at32523	102460993
13735_0:001eea	120510at32523	102459556
13735_0:001eeb	275311at32523	102463075
13735_0:001eec	20444at32523	102463556
13735_0:001eed	262758at32523	102457449
13735_0:001eef	72279at32523	102461886
13735_0:001ef0	162932at32523	102462107
13735_0:001ef4	223371at32523	102453656
13735_0:001ef7	187973at32523	102461226
13735_0:001ef8	6711at32523	102443816
13735_0:001ef9	125111at32523	102458995
13735_0:001efb	244874at32523	102456123
13735_0:001efe	123938at32523	102455139
13735_0:001f00	267057at32523	102453407
13735_0:001f01	301845at32523	102457204
13735_0:001f05	65113at32523	102450953
13735_0:001f07	69364at32523	102459391
13735_0:001f08	11195at32523	102452822
13735_0:001f0a	219201at32523	102462180
13735_0:001f0b	260027at32523	102446355
13735_0:001f0e	68412at32523	102446996
13735_0:001f0f	154309at32523	102449052
13735_0:001f11	43490at32523	102445662
13735_0:001f14	38067at32523	102444451
13735_0:001f15	195714at32523	102457956
13735_0:001f16	234428at32523	102460026
13735_0:001f17	103716at32523	102458198
13735_0:001f19	200727at32523	102462428
13735_0:001f1a	118640at32523	102448250
13735_0:001f1f	196566at32523	102455629
13735_0:001f20	57678at32523	102454975
13735_0:001f26	68693at32523	102461720
13735_0:001f2a	129649at32523	102448809
13735_0:001f2c	24343at32523	102460823
13735_0:001f2e	93628at32523	102452385
13735_0:001f30	147630at32523	102444452
13735_0:001f31	113062at32523	102443400
13735_0:001f32	151455at32523	102443817
13735_0:001f38	238826at32523	102446997
13735_0:001f42	297640at32523	102451183
13735_0:001f46	119577at32523	102456872
13735_0:001f4d	49590at32523	102453408
13735_0:001f4e	165526at32523	102452311
13735_0:001f50	189789at32523	102457871
13735_0:001f52	97735at32523	102456124
13735_0:001f53	233324at32523	102452561
13735_0:001f56	181104at32523	102452823
13735_0:001f65	280382at32523	102461311
13735_0:001f66	63695at32523	102463076
13735_0:001f68	118167at32523	102462832
13735_0:001f6a	280382at32523	106731968
13735_0:001f6b	118167at32523	102462350
13735_0:001f6c	20411at32523	102462593
13735_0:001f74	15838at32523	102463810
13735_0:001f7b	146431at32523	102446514
13735_0:001f7f	4307at32523	102447256
13735_0:001f81	98972at32523	102449369
13735_0:001f84	230043at32523	102450086
13735_0:001f85	193611at32523	102456538
13735_0:001f87	19148at32523	102452993
13735_0:001f8a	209991at32523	102455316
13735_0:001f8b	72657at32523	102457270
13735_0:001f8c	299383at32523	102455060
13735_0:001f8d	60890at32523	102448723
13735_0:001f91	124505at32523	102452226
13735_0:001f99	76421at32523	102461156
13735_0:001f9c	98143at32523	102460027
13735_0:001f9d	118030at32523	102458763
13735_0:001fb0	30406at32523	102446446
13735_0:001fb4	245752at32523	102451503
13735_0:001fb6	33904at32523	102451022
13735_0:001fb8	51223at32523	102451736
13735_0:001fb9	223794at32523	102450781
13735_0:001fbd	117710at32523	102449053
13735_0:001fc5	113306at32523	102452994
13735_0:001fd0	300158at32523	102456468
13735_0:001fd1	177588at32523	102457116
13735_0:001fd5	90775at32523	102455873
13735_0:001fd6	232746at32523	102460588
13735_0:001fd7	4188at32523	102457957
13735_0:001fd9	128346at32523	102454883
13735_0:001fda	159160at32523	102443401
13735_0:001fe0	215728at32523	102463391
13735_0:001fe1	184858at32523	102463157
13735_0:001fe3	252686at32523	102455631
13735_0:001fe4	230620at32523	102457698
13735_0:001fe9	195924at32523	102444135
13735_0:001feb	264450at32523	102443897
13735_0:001fee	236937at32523	102444372
13735_0:001ff2	126133at32523	102446833
13735_0:001ff6	195784at32523	102447499
13735_0:001ff9	175337at32523	102450866
13735_0:001ffb	121481at32523	102447920
13735_0:002001	42301at32523	102449683
13735_0:002002	10041at32523	102452740
13735_0:002003	79888at32523	102451585
13735_0:002005	212599at32523	102452995
13735_0:002007	284317at32523	102452312
13735_0:00200a	85343at32523	102455965
13735_0:002010	180493at32523	102454056
13735_0:002012	29499at32523	102456629
13735_0:002016	146717at32523	102462594
13735_0:002017	202849at32523	102444611
13735_0:002018	42615at32523	102443742
13735_0:00201a	93446at32523	102444373
13735_0:00201c	224883at32523	102457699
13735_0:00201e	219434at32523	102450867
13735_0:002022	224304at32523	102452741
13735_0:002024	71347at32523	102448568
13735_0:002027	31127at32523	102448567
13735_0:002028	47409at32523	102450011
13735_0:002029	280929at32523	102463392
13735_0:00202c	149009at32523	102447579
13735_0:002034	212347at32523	102451425
13735_0:002037	47622at32523	102454542
13735_0:002038	220690at32523	102446045
13735_0:002039	213961at32523	102446594
13735_0:00203a	7794at32523	102453657
13735_0:00203b	181423at32523	102460826
13735_0:00203c	13169at32523	102464069
13735_0:00203d	88527at32523	102463634
13735_0:00203e	25134at32523	102447829
13735_0:002043	79726at32523	102459946
13735_0:002045	164484at32523	102464068
13735_0:002046	174853at32523	102460429
13735_0:00204a	16690at32523	102447079
13735_0:002050	298305at32523	102448812
13735_0:002051	122940at32523	102456125
13735_0:002055	89533at32523	102459639
13735_0:00205c	84990at32523	102461398
13735_0:00205d	254269at32523	102460825
13735_0:002068	51776at32523	102454977
13735_0:00206c	96968at32523	102455727
13735_0:00206e	140712at32523	102458685
13735_0:002070	100078at32523	102455966
13735_0:002074	293808at32523	102453506
13735_0:002077	235809at32523	102456469
13735_0:002078	220135at32523	102454460
13735_0:002079	142053at32523	102458449
13735_0:00207f	224703at32523	102460590
13735_0:002093	283734at32523	102443977
13735_0:00209a	57805at32523	102445809
13735_0:00209c	65634at32523	102446212
13735_0:00209d	179841at32523	102448889
13735_0:00209f	190009at32523	102449595
13735_0:0020ca	168953at32523	102461721
13735_0:0020cd	40668at32523	102463888
13735_0:0020d3	265332at32523	102462673
13735_0:0020d9	92893at32523	102452742
13735_0:0020da	226745at32523	102452480
13735_0:0020de	155159at32523	102450013
13735_0:0020df	280809at32523	102448966
13735_0:0020e3	234694at32523	102450408
13735_0:0020ee	122093at32523	102451504
13735_0:0020f0	242965at32523	102457451
13735_0:0020f2	267847at32523	102446926
13735_0:0020f3	189458at32523	102454543
13735_0:0020f6	266737at32523	102460430
13735_0:0020f8	122566at32523	102459157
13735_0:0020fd	219229at32523	102462595
13735_0:0020fe	246399at32523	102461552
13735_0:002100	69618at32523	102458686
13735_0:002102	272975at32523	102458916
13735_0:002103	188970at32523	102460030
13735_0:002105	38882at32523	102446595
13735_0:00210d	259306at32523	102463078
13735_0:00210e	159191at32523	102445897
13735_0:00210f	201510at32523	102445496
13735_0:002110	26518at32523	102446122
13735_0:002113	118901at32523	102448410
13735_0:002115	122967at32523	102450328
13735_0:002117	182203at32523	102449295
13735_0:002121	14203at32523	102454221
13735_0:00212c	87612at32523	102458687
13735_0:002135	218879at32523	102461073
13735_0:002137	161674at32523	102460512
13735_0:00213b	267085at32523	102464070
13735_0:00213e	129874at32523	102444453
13735_0:00213f	244942at32523	102446688
13735_0:002149	276192at32523	102448176
13735_0:00214a	209475at32523	102451428
13735_0:00214c	30479at32523	102451186
13735_0:002151	268208at32523	102447921
13735_0:002154	234376at32523	102451661
13735_0:002157	88807at32523	102448814
13735_0:002159	99380at32523	102447674
13735_0:00215d	158106at32523	102453508
13735_0:002160	23478at32523	102455729
13735_0:002161	100824at32523	102461644
13735_0:002162	247638at32523	102462267
13735_0:00216a	168278at32523	102462913
13735_0:002172	210795at32523	102457620
13735_0:002174	165017at32523	102457118
13735_0:00217e	189246at32523	102450162
13735_0:00217f	66632at32523	102450631
13735_0:002181	158697at32523	102451109
13735_0:002183	168146at32523	102447082
13735_0:002184	98617at32523	102446515
13735_0:002187	69228at32523	102445234
13735_0:002188	189246at32523	102444137
13735_0:00218a	224759at32523	102445967
13735_0:00218b	163188at32523	102451349
13735_0:00218f	91609at32523	102452744
13735_0:0021a3	119513at32523	102461229
13735_0:0021a6	113182at32523	102462513
13735_0:0021a8	109227at32523	102462268
13735_0:0021a9	91904at32523	102462017
13735_0:0021aa	230603at32523	102462998
13735_0:0021b2	96102at32523	102449443
13735_0:0021b3	132408at32523	102451662
13735_0:0021b4	107180at32523	102448177
13735_0:0021b5	96102at32523	106732015
13735_0:0021b6	153255at32523	102444921
13735_0:0021b7	149487at32523	102450258
13735_0:0021b9	263246at32523	102449841
13735_0:0021bd	210399at32523	102445162
13735_0:0021be	237857at32523	102446689
13735_0:0021c0	203062at32523	102451429
13735_0:0021c2	182186at32523	102444376
13735_0:0021c4	289054at32523	102444138
13735_0:0021c6	36628at32523	102447755
13735_0:0021c7	68984at32523	102458452
13735_0:0021c8	94191at32523	102459069
13735_0:0021d2	177930at32523	102449929
13735_0:0021d5	247498at32523	102448968
13735_0:0021d8	102529at32523	102459947
13735_0:0021d9	152668at32523	102452139
13735_0:0021da	200927at32523	102451350
13735_0:0021db	75470at32523	102449686
13735_0:0021dc	10341at32523	102444833
13735_0:0021e0	167447at32523	102459711
13735_0:0021e1	114354at32523	102449444
13735_0:0021e2	267088at32523	102452895
13735_0:0021e5	255945at32523	102447084
13735_0:0021e6	21789at32523	102450870
13735_0:0021eb	149713at32523	102463637
13735_0:0021f4	227234at32523	102462352
13735_0:0021f6	249407at32523	102454718
13735_0:0021fa	53673at32523	102453147
13735_0:0021fc	41435at32523	102451110
13735_0:0021fe	175476at32523	102452315
13735_0:002201	264354at32523	102453334
13735_0:002202	106036at32523	102453986
13735_0:002203	213568at32523	102453746
13735_0:002206	14956at32523	102456127
13735_0:00220f	211150at32523	102458369
13735_0:002211	176408at32523	102460432
13735_0:002213	269451at32523	102463319
13735_0:002215	212062at32523	102458835
13735_0:002216	218925at32523	102461400
13735_0:00221b	186318at32523	102447583
13735_0:00221c	141239at32523	102446838
13735_0:00221d	8095at32523	102446597
13735_0:00221e	52566at32523	102445318
13735_0:002222	287006at32523	102444922
13735_0:002223	263950at32523	102446123
13735_0:002224	23478at32523	102448089
13735_0:002226	259841at32523	102447342
13735_0:002228	83687at32523	102449124
13735_0:002229	198344at32523	102448890
13735_0:00222a	248028at32523	102448335
13735_0:00223f	106122at32523	102456788
13735_0:002240	63382at32523	102456042
13735_0:002254	149491at32523	102447259
13735_0:002257	100617at32523	102444678
13735_0:002258	233149at32523	102445072
13735_0:00225b	195612at32523	102449125
13735_0:00225d	162293at32523	102448649
13735_0:002260	136341at32523	102443978
13735_0:002263	54120at32523	102463394
13735_0:002264	163158at32523	102462999
13735_0:002268	121120at32523	102444220
13735_0:002274	241007at32523	102453148
13735_0:002276	103953at32523	102451430
13735_0:002278	273183at32523	102455234
13735_0:00227a	128741at32523	102444378
13735_0:00227b	56260at32523	102456384
13735_0:00227d	66845at32523	102458612
13735_0:002280	158403at32523	102455731
13735_0:002282	52868at32523	102452140
13735_0:002283	97094at32523	102461947
13735_0:002284	67732at32523	102447000
13735_0:00228e	224094at32523	102454545
13735_0:00228f	108402at32523	102454301
13735_0:002290	59046at32523	102447260
13735_0:002293	232281at32523	102458836
13735_0:002294	70270at32523	102461074
13735_0:002295	184307at32523	102460828
13735_0:002298	278087at32523	102446048
13735_0:002299	102110at32523	102462183
13735_0:00229a	135019at32523	102445568
13735_0:00229b	281656at32523	102463560
13735_0:0022a6	105920at32523	102451189
13735_0:0022af	10130at32523	102457961
13735_0:0022b1	120577at32523	102447177
13735_0:0022b3	160911at32523	102460920
13735_0:0022b4	24294at32523	102452637
13735_0:0022b8	241812at32523	102458203
13735_0:0022ba	221552at32523	102449445
13735_0:0022bb	122544at32523	102444614
13735_0:0022cb	69748at32523	102452387
13735_0:0022cc	248117at32523	102443821
13735_0:0022cd	42538at32523	102458453
13735_0:0022cf	44355at32523	102456287
13735_0:0022d3	22697at32523	102444379
13735_0:0022d4	273481at32523	102446929
13735_0:0022d7	207164at32523	102460032
13735_0:0022e3	256220at32523	102457622
13735_0:0022e6	96847at32523	102453593
13735_0:0022e8	46805at32523	102454376
13735_0:0022ec	284004at32523	102455144
13735_0:0022ed	149295at32523	102457365
13735_0:0022ef	134671at32523	102458837
13735_0:0022f8	245380at32523	102459788
13735_0:0022fe	94614at32523	102462354
13735_0:002301	46113at32523	102463480
13735_0:002302	149048at32523	106732058
13735_0:002303	28139at32523	102447001
13735_0:002306	228377at32523	102447261
13735_0:002308	147237at32523	102445321
13735_0:00230b	157149at32523	102454808
13735_0:00230d	121499at32523	102450414
13735_0:00230e	233812at32523	102455320
13735_0:002315	21644at32523	102455063
13735_0:002317	100736at32523	102450634
13735_0:00231a	137003at32523	102447924
13735_0:00231c	92495at32523	102453335
13735_0:00231d	161449at32523	102449931
13735_0:002320	190529at32523	102458371
13735_0:002322	221526at32523	106732062
13735_0:002324	171087at32523	102456960
13735_0:00232a	227581at32523	102452229
13735_0:00232b	36736at32523	102455064
13735_0:00232c	253493at32523	102462018
13735_0:00232e	253166at32523	102444679
13735_0:00232f	195215at32523	102443901
13735_0:002332	102875at32523	102454809
13735_0:002333	174624at32523	102448650
13735_0:002338	267504at32523	102443665
13735_0:00233b	39511at32523	102455800
13735_0:00233f	246874at32523	102452485
13735_0:002340	116598at32523	102455557
13735_0:002345	209158at32523	102461647
13735_0:002346	119090at32523	102452748
13735_0:002351	305735at32523	102457877
13735_0:002353	167904at32523	102458997
13735_0:002354	53851at32523	102460108
13735_0:002355	266685at32523	102459478
13735_0:00235a	34904at32523	102462599
13735_0:00235b	239227at32523	102463639
13735_0:00235e	141926at32523	102463081
13735_0:002363	92683at32523	102444295
13735_0:002368	147634at32523	102445813
13735_0:002369	162912at32523	102445425
13735_0:00236c	209087at32523	102446598
13735_0:00236e	65800at32523	102448892
13735_0:00236f	107978at32523	102450873
13735_0:002371	264194at32523	102447425
13735_0:002390	225964at32523	102447002
13735_0:002397	277865at32523	102445498
13735_0:002398	150956at32523	102445899
13735_0:00239d	261228at32523	102446762
13735_0:00239e	282964at32523	102444993
13735_0:00239f	43942at32523	102444222
13735_0:0023a4	113035at32523	102456634
13735_0:0023a5	73178at32523	102451739
13735_0:0023a8	59383at32523	102449446
13735_0:0023a9	257026at32523	102450089
13735_0:0023ac	26652at32523	102448337
13735_0:0023ad	118955at32523	102449207
13735_0:0023af	32757at32523	102457208
13735_0:0023b0	52086at32523	102454888
13735_0:0023b2	255336at32523	102455145
13735_0:0023b3	294091at32523	102454625
13735_0:0023b5	73730at32523	102449844
13735_0:0023b7	244490at32523	102453079
13735_0:0023b8	232374at32523	102454057
13735_0:0023bf	88032at32523	102443581
13735_0:0023c2	88805at32523	102453257
13735_0:0023c3	170322at32523	102458046
13735_0:0023c5	4917at32523	102459396
13735_0:0023c6	207984at32523	102446050
13735_0:0023ca	123919at32523	102447086
13735_0:0023cf	61638at32523	102458455
13735_0:0023d3	2312at32523	102463892
13735_0:0023d4	158721at32523	102461649
13735_0:0023d7	68460at32523	102462112
13735_0:0023d8	302046at32523	102446521
13735_0:0023da	225819at32523	102446362
13735_0:0023df	100592at32523	102453660
13735_0:0023e2	196062at32523	102463244
13735_0:0023e6	130466at32523	102463893
13735_0:0023eb	238978at32523	102460436
13735_0:0023ed	189139at32523	102458204
13735_0:0023f0	68947at32523	102444680
13735_0:0023f1	175503at32523	102445426
13735_0:0023f6	124683at32523	102449056
13735_0:0023f7	130600at32523	102445164
13735_0:0023f9	88759at32523	102448254
13735_0:0023fb	117316at32523	102452565
13735_0:0023fc	271337at32523	102456790
13735_0:0023fd	82024at32523	102448726
13735_0:0023fe	166812at32523	102460035
13735_0:002403	42007at32523	102456541
13735_0:002405	273874at32523	102460684
13735_0:002409	57120at32523	102445666
13735_0:00240d	164435at32523	102456542
13735_0:002410	227243at32523	102453827
13735_0:002412	126407at32523	102458840
13735_0:002413	282826at32523	102459791
13735_0:002416	233570at32523	102450259
13735_0:002417	282501at32523	102461232
13735_0:00241c	133132at32523	102460515
13735_0:002422	25975at32523	102457705
13735_0:002423	256175at32523	102461949
13735_0:002426	297684at32523	102458128
13735_0:00242b	107649at32523	102453149
13735_0:00242d	258414at32523	102454058
13735_0:00242f	256820at32523	102451985
13735_0:002433	288794at32523	102444298
13735_0:002435	302715at32523	106732094
13735_0:002438	293550at32523	102444062
13735_0:002439	243556at32523	102445236
13735_0:00243c	237512at32523	102443582
13735_0:00243d	48942at32523	102463159
13735_0:002440	187646at32523	102454810
13735_0:002443	182210at32523	102460194
13735_0:00244a	170201at32523	102454378
13735_0:00244c	275418at32523	102451902
13735_0:00244d	261704at32523	102454547
13735_0:002450	199785at32523	102445499
13735_0:002451	221884at32523	102457790
13735_0:002453	83722at32523	102461796
13735_0:002455	227938at32523	102457535
13735_0:002456	91026at32523	102449932
13735_0:00245b	61087at32523	102450560
13735_0:00245e	141234at32523	102447087
13735_0:00245f	265834at32523	102446691
13735_0:002460	19568at32523	102444752
13735_0:002463	31525at32523	102457030
13735_0:002466	199906at32523	102462755
13735_0:00246b	162119at32523	102453336
13735_0:00246e	146243at32523	102446125
13735_0:00246f	138863at32523	102455478
13735_0:002472	202878at32523	102453905
13735_0:002474	49027at32523	102451901
13735_0:002475	251531at32523	102459314
13735_0:002476	237844at32523	102452639
13735_0:00247b	189196at32523	102455879
13735_0:00247d	269416at32523	102451191
13735_0:00247e	127181at32523	102458919
13735_0:00247f	99455at32523	102460923
13735_0:002480	137727at32523	102456962
13735_0:002481	209646at32523	102447426
13735_0:002485	189464at32523	102450960
13735_0:002488	137662at32523	102459792
13735_0:00248c	117071at32523	102462356
13735_0:002492	283801at32523	102448487
13735_0:002493	213578at32523	102444380
13735_0:002498	240680at32523	102450330
13735_0:002499	4413at32523	102460195
13735_0:00249e	211790at32523	102448413
13735_0:00249f	77527at32523	102458528
13735_0:0024a0	74059at32523	102454059
13735_0:0024a1	145103at32523	102455066
13735_0:0024a3	267520at32523	102448340
13735_0:0024a4	17363at32523	102444223
13735_0:0024a7	186510at32523	102460998
13735_0:0024a8	230031at32523	102449447
13735_0:0024a9	228745at32523	102448970
13735_0:0024aa	250834at32523	102444457
13735_0:0024ab	219664at32523	102448727
13735_0:0024af	234457at32523	102448093
13735_0:0024b1	286748at32523	102444925
13735_0:0024b2	204147at32523	102445427
13735_0:0024b6	241639at32523	102461233
13735_0:0024b9	132150at32523	102462915
13735_0:0024bb	190696at32523	102451508
13735_0:0024bd	28097at32523	102450876
13735_0:0024c4	155297at32523	102455803
13735_0:0024c8	15520at32523	102457276
13735_0:0024d0	233557at32523	102452640
13735_0:0024d1	282363at32523	102462600
13735_0:0024d3	270448at32523	102447503
13735_0:0024d9	227445at32523	102446051
13735_0:0024da	39658at32523	102444995
13735_0:0024df	272313at32523	102459868
13735_0:0024e4	30651at32523	102463645
13735_0:0024e5	124289at32523	102453906
13735_0:0024e8	78484at32523	102461727
13735_0:0024ea	162482at32523	102460591
13735_0:0024eb	276492at32523	102448572
13735_0:0024ee	183844at32523	102460348
13735_0:0024f2	193295at32523	102450494
13735_0:0024f4	203378at32523	102460109
13735_0:0024f6	160923at32523	102463895
13735_0:0024f8	38481at32523	102459159
13735_0:0024f9	217526at32523	102451742
13735_0:0024fa	176061at32523	102447003
13735_0:0024fc	58859at32523	102446763
13735_0:0024fe	247491at32523	102449299
13735_0:0024ff	100073at32523	102463398
13735_0:002500	45393at32523	102455146
13735_0:00250b	143526at32523	102457277
13735_0:00250d	95186at32523	102458374
13735_0:002511	213362at32523	102456545
13735_0:002516	228707at32523	102459480
13735_0:002517	22270at32523	102463160
13735_0:002519	163207at32523	102447088
13735_0:00251c	11900at32523	102454303
13735_0:00251e	154925at32523	102457278
13735_0:00251f	51849at32523	102443668
13735_0:002520	124004at32523	102460592
13735_0:002521	208531at32523	102460349
13735_0:00252d	166660at32523	102449845
13735_0:00252e	129418at32523	102453337
13735_0:002532	115587at32523	102450878
13735_0:002538	107250at32523	102445970
13735_0:00253a	183479at32523	102457537
13735_0:00253e	23620at32523	102452147
13735_0:00253f	234885at32523	102458531
13735_0:002541	107411at32523	102456794
13735_0:002542	203251at32523	102454548
13735_0:002548	170858at32523	102460196
13735_0:00254b	124770at32523	102460593
13735_0:00254c	168446at32523	102460829
13735_0:002550	134811at32523	102462916
13735_0:002551	37401at32523	102463481
13735_0:002552	238827at32523	102463245
13735_0:002567	23710at32523	102444459
13735_0:00256b	69720at32523	102443746
13735_0:00256c	62738at32523	102453151
13735_0:002573	174365at32523	102443981
13735_0:002574	249069at32523	102462021
13735_0:002577	219837at32523	102459715
13735_0:00257d	149868at32523	102457625
13735_0:002583	255981at32523	102445166
13735_0:00259e	62409at32523	102449935
13735_0:00259f	227235at32523	102447504
13735_0:0025a0	58140at32523	102446364
13735_0:0025a5	227235at32523	102447263
13735_0:0025a9	78469at32523	102447004
13735_0:0025ab	293308at32523	102450636
13735_0:0025cc	187585at32523	102460350
13735_0:0025cd	45712at32523	102460111
13735_0:0025cf	222981at32523	102458617
13735_0:0025f0	276267at32523	102452902
13735_0:0025f7	289400at32523	102451986
13735_0:0025f8	276179at32523	102451744
13735_0:0025f9	135651at32523	102453152
13735_0:0025fa	224157at32523	102453663
13735_0:0025fe	169507at32523	102451116
13735_0:002602	238128at32523	102459399
13735_0:002603	176403at32523	102457881
13735_0:00260a	306068at32523	102460351
13735_0:00260b	180354at32523	102460112
13735_0:00260c	254544at32523	102455882
13735_0:002614	64518at32523	102459161
13735_0:002616	200695at32523	102463897
13735_0:00261a	235016at32523	102448652
13735_0:00261c	154069at32523	102453750
13735_0:00261d	30486at32523	102444996
13735_0:002622	154284at32523	102445817
13735_0:002628	234468at32523	102450496
13735_0:002629	60588at32523	102446600
13735_0:00262c	117571at32523	102450714
13735_0:00262d	56267at32523	102451354
13735_0:00262e	178374at32523	102446218
13735_0:002634	106036at32523	102445572
13735_0:002638	132999at32523	102460756
13735_0:00263b	262158at32523	102456390
13735_0:002649	269391at32523	102459001
13735_0:002656	209345at32523	102445573
13735_0:00265a	98057at32523	102448817
13735_0:002662	148625at32523	102453598
13735_0:002667	30718at32523	102453831
13735_0:002668	297345at32523	102452642
13735_0:00266e	123139at32523	102453153
13735_0:00266f	238690at32523	102451118
13735_0:002670	134376at32523	102459075
13735_0:002671	101655at32523	102456639
13735_0:002673	100088at32523	102457629
13735_0:002689	271071at32523	102451435
13735_0:00268b	36171at32523	102444226
13735_0:00268d	36171at32523	102443671
13735_0:00268e	221282at32523	102448490
13735_0:00268f	245015at32523	102446601
13735_0:002692	250302at32523	102446766
13735_0:002693	122359at32523	102461482
13735_0:002696	91015at32523	102449372
13735_0:002698	187353at32523	102463561
13735_0:00269b	59909at32523	102449768
13735_0:00269d	131044at32523	102454383
13735_0:0026a0	150095at32523	102453909
13735_0:0026a1	110876at32523	102444462
13735_0:0026a2	237848at32523	102451193
13735_0:0026a3	72976at32523	102454630
13735_0:0026a9	141227at32523	102447266
13735_0:0026aa	107444at32523	102459795
13735_0:0026ab	242105at32523	102457883
13735_0:0026b0	71322at32523	102462113
13735_0:0026b5	192529at32523	102460686
13735_0:0026ba	242480at32523	102450022
13735_0:0026bc	167639at32523	102456640
13735_0:0026bf	254458at32523	102456880
13735_0:0026c9	138009at32523	102461728
13735_0:0026cc	292000at32523	102446127
13735_0:0026cd	81311at32523	102449127
13735_0:0026cf	65935at32523	102448972
13735_0:0026d1	148267at32523	102460439
13735_0:0026d5	74848at32523	102448729
13735_0:0026d6	306059at32523	102458288
13735_0:0026de	246229at32523	102461079
13735_0:0026e6	285644at32523	102446933
13735_0:0026e8	59232at32523	102462114
13735_0:0026ea	46860at32523	102447676
13735_0:0026ed	295457at32523	102444997
13735_0:0026ee	144300at32523	102446525
13735_0:0026ef	286258at32523	102461483
13735_0:0026f2	128718at32523	102447179
13735_0:0026f3	265292at32523	102443984
13735_0:0026fc	293250at32523	102450963
13735_0:002700	225367at32523	106731268
13735_0:00270b	76123at32523	102455975
13735_0:00270d	281544at32523	102454813
13735_0:00270e	290800at32523	102453665
13735_0:002711	131697at32523	102457631
13735_0:00271e	238028at32523	102459797
13735_0:00271f	104828at32523	102443749
13735_0:002720	158115at32523	102463485
13735_0:002728	280161at32523	102443985
13735_0:002730	227299at32523	102445972
13735_0:002733	195205at32523	102460199
13735_0:002735	289167at32523	102453260
13735_0:002736	227195at32523	102450785
13735_0:002739	117333at32523	102451267
13735_0:002742	288615at32523	102459239
13735_0:002743	36298at32523	102450023
13735_0:00274b	265352at32523	102457794
13735_0:00274e	67130at32523	102457280
13735_0:00274f	60356at32523	102458532
13735_0:002755	139657at32523	102448653
13735_0:002757	235003at32523	102449601
13735_0:002760	11031at32523	102463647
13735_0:002762	203712at32523	102445735
13735_0:00276c	168150at32523	102449214
13735_0:00276e	105040at32523	102448974
13735_0:00276f	65904at32523	102448414
13735_0:002770	267603at32523	102448258
13735_0:002771	92317at32523	102458922
13735_0:002773	167005at32523	102450333
13735_0:002775	255664at32523	102453832
13735_0:002779	292094at32523	102453418
13735_0:00277b	97729at32523	102450882
13735_0:00277e	37090at32523	102449694
13735_0:002780	39443at32523	102457455
13735_0:002783	211953at32523	102451119
13735_0:002784	144308at32523	102449938
13735_0:00278f	248216at32523	102459401
13735_0:002797	244680at32523	102463322
13735_0:002799	298630at32523	102462602
13735_0:00279e	146129at32523	102443750
13735_0:0027a5	294828at32523	102448011
13735_0:0027bb	258823at32523	102443905
13735_0:0027be	161507at32523	102455639
13735_0:0027bf	100560at32523	102454469
13735_0:0027c2	76807at32523	102453833
13735_0:0027c8	43756at32523	102456473
13735_0:0027c9	282905at32523	102455884
13735_0:0027cf	77410at32523	102454229
13735_0:0027d0	43756at32523	102456473
13735_0:0027d1	663at32523	102460114
13735_0:0027d2	185971at32523	102444140
13735_0:0027d3	109971at32523	102461323
13735_0:0027d4	272098at32523	102444838
13735_0:0027d7	200735at32523	102444384
13735_0:0027d8	76828at32523	102459163
13735_0:0027e0	189423at32523	102447092
13735_0:0027e1	253522at32523	102454814
13735_0:0027e2	62528at32523	102454550
13735_0:0027e3	267601at32523	102447508
13735_0:0027e4	203582at32523	102448182
13735_0:0027ed	71587at32523	102454304
13735_0:0027f2	283973at32523	102447929
13735_0:0027f3	25979at32523	102455807
13735_0:002804	62209at32523	102453420
13735_0:00280c	113563at32523	102444617
13735_0:00280e	222693at32523	102460201
13735_0:002814	74846at32523	102445167
13735_0:002815	248186at32523	102448976
13735_0:002816	26955at32523	102446054
13735_0:00281a	165240at32523	102460926
13735_0:00281c	208014at32523	102461651
13735_0:00281f	287649at32523	102454385
13735_0:002821	278445at32523	102447181
13735_0:002824	277398at32523	102463563
13735_0:002829	178984at32523	102464075
13735_0:00282b	141209at32523	102462841
13735_0:00282f	234886at32523	102462117
13735_0:002837	200408at32523	102458772
13735_0:00283c	174781at32523	102453912
13735_0:002842	276026at32523	102447589
13735_0:002844	161090at32523	102453667
13735_0:002845	127304at32523	102461165
13735_0:002846	263792at32523	102458290
13735_0:002847	261701at32523	102458534
13735_0:00284f	55636at32523	102446768
13735_0:002851	46377at32523	102449058
13735_0:002853	124255at32523	102448342
13735_0:002854	227147at32523	102448097
13735_0:002855	46377at32523	102447590
13735_0:002857	249113at32523	102449528
13735_0:002858	263558at32523	102449770
13735_0:002869	162030at32523	102451268
13735_0:002874	205907at32523	102444839
13735_0:002876	66067at32523	102453514
13735_0:00287a	196001at32523	102462361
13735_0:00288e	68830at32523	102458619
13735_0:002890	6290at32523	102461408
13735_0:002897	6895at32523	102460927
13735_0:00289f	160219at32523	102459078
13735_0:0028a1	304399at32523	102443673
13735_0:0028a9	142349at32523	102457711
13735_0:0028ac	147403at32523	102457213
13735_0:0028b4	248210at32523	102460598
13735_0:0028b6	236251at32523	102461730
13735_0:0028b7	270918at32523	102462436
13735_0:0028c3	200921at32523	102445168
13735_0:0028c6	269887at32523	102463400
13735_0:0028ca	133235at32523	102464076
13735_0:0028cf	295209at32523	102449529
13735_0:0028d0	281633at32523	102450717
13735_0:0028d2	287570at32523	102449771
13735_0:0028d3	282456at32523	102450025
13735_0:0028d6	269631at32523	102462760
13735_0:0028d7	91656at32523	102446131
13735_0:0028d9	5220at32523	102444840
13735_0:0028da	93143at32523	102453082
13735_0:0028dd	309541at32523	102457282
13735_0:0028df	205600at32523	102451748
13735_0:0028e1	259599at32523	102454062
13735_0:0028e6	294658at32523	102458134
13735_0:0028e8	9751at32523	102450718
13735_0:0028ec	147223at32523	102453753
13735_0:0028f0	157610at32523	102451830
13735_0:0028f2	255234at32523	102452317
13735_0:0028f4	259170at32523	102462276
13735_0:0028f9	7001at32523	102451121
13735_0:0028fa	134484at32523	102454471
13735_0:0028fb	292288at32523	102452152
13735_0:0028fc	167295at32523	102460516
13735_0:0028fe	159536at32523	102462520
13735_0:002900	72921at32523	102453834
13735_0:002901	69566at32523	102458377
13735_0:002902	15909at32523	102446695
13735_0:002904	192428at32523	102459079
13735_0:002906	70049at32523	102451356
13735_0:002907	224735at32523	102449604
13735_0:00290e	208425at32523	102462024
13735_0:00291c	132121at32523	102458622
13735_0:002922	89910at32523	102459242
13735_0:002924	88806at32523	102461167
13735_0:002925	209616at32523	102444618
13735_0:002927	304750at32523	102443829
13735_0:00292a	167195at32523	102462362
13735_0:00292b	255474at32523	102444063
13735_0:00292c	211720at32523	102446527
13735_0:00292e	144670at32523	102463819
13735_0:002930	211473at32523	102447509
13735_0:002933	109366at32523	102448897
13735_0:002936	221334at32523	102450335
13735_0:002938	139327at32523	102455978
13735_0:002939	228068at32523	102448493
13735_0:00293a	244088at32523	102454816
13735_0:00293b	80113at32523	102453421
13735_0:002947	264371at32523	102449849
13735_0:002948	139147at32523	102458623
13735_0:002949	72659at32523	102459571
13735_0:00294c	73696at32523	102456394
13735_0:00294d	190036at32523	102459317
13735_0:00294f	225976at32523	102458136
13735_0:00295a	38892at32523	102462521
13735_0:002962	139628at32523	102461236
13735_0:00296a	215748at32523	102448183
13735_0:00296d	267767at32523	102453004
13735_0:00296e	212765at32523	102448898
13735_0:00296f	116722at32523	102459801
13735_0:002970	27920at32523	102451437
13735_0:002975	179224at32523	102454725
13735_0:002978	48956at32523	102457634
13735_0:00297a	19303at32523	102449530
13735_0:00297b	145603at32523	102446603
13735_0:00297c	185973at32523	102447930
13735_0:002980	89398at32523	102450171
13735_0:002981	100155at32523	102452400
13735_0:002984	168608at32523	102451831
13735_0:002988	141418at32523	102459318
13735_0:002989	209985at32523	102450719
13735_0:00298e	237509at32523	102456395
13735_0:002991	88939at32523	102461002
13735_0:002993	128019at32523	102462921
13735_0:0029a7	163231at32523	102448262
13735_0:0029a8	36743at32523	102447592
13735_0:0029aa	236330at32523	102449130
13735_0:0029ab	227404at32523	102449605
13735_0:0029af	47363at32523	102455328
13735_0:0029b2	255899at32523	102452319
13735_0:0029b3	226855at32523	102450264
13735_0:0029b8	38403at32523	102456647
13735_0:0029c2	214311at32523	102457968
13735_0:0029c3	89925at32523	102458848
13735_0:0029c7	116784at32523	102461487
13735_0:0029c9	252338at32523	102463486
13735_0:0029ca	282407at32523	102459802
13735_0:0029cc	34063at32523	102463746
13735_0:0029d7	81392at32523	102449131
13735_0:0029da	278190at32523	102446057
13735_0:0029e2	154096at32523	102444758
13735_0:0029e6	252712at32523	102454984
13735_0:0029e8	58545at32523	102443505
13735_0:0029ed	228678at32523	102462682
13735_0:0029f0	29479at32523	102451439
13735_0:0029f1	143634at32523	102461238
13735_0:0029fa	92861at32523	102457713
13735_0:0029fc	168147at32523	102461168
13735_0:0029fd	151007at32523	102450638
13735_0:0029ff	38162at32523	102462606
13735_0:002a00	124056at32523	102460445
13735_0:002a01	144469at32523	102444542
13735_0:002a03	288030at32523	102452491
13735_0:002a04	262617at32523	102453602
13735_0:002a09	241327at32523	102452234
13735_0:002a0a	172613at32523	102445433
13735_0:002a0b	51854at32523	102450885
13735_0:002a0c	110615at32523	102460204
13735_0:002a0d	137112at32523	102462191
13735_0:002a0f	174588at32523	102454306
13735_0:002a10	201024at32523	102447269
13735_0:002a13	92296at32523	102459721
13735_0:002a17	250950at32523	102459485
13735_0:002a1f	167610at32523	102450172
13735_0:002a4d	35456at32523	102453422
13735_0:002a50	225571at32523	102451833
13735_0:002a51	64069at32523	102445329
13735_0:002a52	33280at32523	102452910
13735_0:002a53	144146at32523	102446604
13735_0:002a54	180769at32523	102446133
13735_0:002a55	97103at32523	102446368
13735_0:002a5b	228822at32523	102447349
13735_0:002a5d	290236at32523	102452648
13735_0:002a5e	34400at32523	102448343
13735_0:002a60	177525at32523	102454635
13735_0:002a62	247062at32523	102450639
13735_0:002a63	20531at32523	102453159
13735_0:002a64	280322at32523	102447762
13735_0:002a66	260778at32523	102450886
13735_0:002a6a	284331at32523	102455399
13735_0:002a6f	292777at32523	102457215
13735_0:002a71	276322at32523	102459243
13735_0:002a73	230584at32523	102456965
13735_0:002a74	205899at32523	102458773
13735_0:002a76	303212at32523	102459006
13735_0:002a81	16076at32523	102445671
13735_0:002a82	154803at32523	102446771
13735_0:002a84	293833at32523	102445905
13735_0:002a8f	148878at32523	102443989
13735_0:002a91	142117at32523	102463566
13735_0:002a92	148878at32523	102443587
13735_0:002a93	92004at32523	102462523
13735_0:002ab7	204156at32523	102459404
13735_0:002ab9	127505at32523	102456723
13735_0:002aba	259403at32523	102459873
13735_0:002abc	109624at32523	102462843
13735_0:002abd	203243at32523	102461488
13735_0:002abe	151903at32523	102461732
13735_0:002ac0	200019at32523	102460117
13735_0:002ac1	259694at32523	102461954
13735_0:002ac4	31720at32523	102460519
13735_0:002ac5	114689at32523	102461004
13735_0:002aca	204134at32523	102444543
13735_0:002acb	24250at32523	102443507
13735_0:002acc	47625at32523	102444305
13735_0:002ad0	230953at32523	102449452
13735_0:002ad1	303931at32523	102451750
13735_0:002ad3	175768at32523	102448901
13735_0:002ad8	148288at32523	102452153
13735_0:002ada	138099at32523	102445170
13735_0:002ade	100624at32523	102450640
13735_0:002ae0	56591at32523	102446936
13735_0:002ae1	114783at32523	102450027
13735_0:002ae6	219728at32523	106732258
13735_0:002aed	55565at32523	102459320
13735_0:002af2	175897at32523	102457039
13735_0:002af3	253752at32523	102458849
13735_0:002af5	267924at32523	106732263
13735_0:002afd	241651at32523	102457284
13735_0:002afe	61899at32523	102456397
13735_0:002b00	123648at32523	102462608
13735_0:002b05	157630at32523	102443674
13735_0:002b10	200625at32523	102449697
13735_0:002b19	276378at32523	102449453
13735_0:002b1b	192944at32523	102450641
13735_0:002b21	259061at32523	102453265
13735_0:002b24	233283at32523	102454817
13735_0:002b2f	268973at32523	102458850
13735_0:002b33	257110at32523	102463162
13735_0:002b37	218448at32523	102448099
13735_0:002b39	55672at32523	102453915
13735_0:002b3b	204967at32523	102461899
13735_0:002b3d	244174at32523	102453161
13735_0:002b46	70578at32523	102445579
13735_0:002b48	28568at32523	102462609
13735_0:002b4a	174027at32523	102454154
13735_0:002b4f	70811at32523	102454637
13735_0:002b50	159065at32523	102449454
13735_0:002b54	74660at32523	102462123
13735_0:002b59	37780at32523	102461489
13735_0:002b5f	229316at32523	102457970
13735_0:002b61	194066at32523	102457380
13735_0:002b62	76357at32523	102458382
13735_0:002b65	151644at32523	102456141
13735_0:002b68	107460at32523	102460043
13735_0:002b78	234005at32523	102446369
13735_0:002b7d	265709at32523	102446606
13735_0:002b7e	3344at32523	102445739
13735_0:002b86	242048at32523	102445740
13735_0:002b89	193016at32523	102450643
13735_0:002b8b	111303at32523	102450888
13735_0:002b8e	62513at32523	102450644
13735_0:002b92	121108at32523	102460355
13735_0:002b93	261569at32523	102454730
13735_0:002b94	70026at32523	102461733
13735_0:002b97	37767at32523	102459806
13735_0:002b99	252232at32523	102461955
13735_0:002b9b	198959at32523	102451911
13735_0:002b9e	293046at32523	102458459
13735_0:002b9f	25102at32523	102456398
13735_0:002ba0	121471at32523	102451361
13735_0:002ba3	3357at32523	102451030
13735_0:002ba7	116298at32523	102449943
13735_0:002ba8	117352at32523	102463401
13735_0:002baa	177088at32523	102449060
13735_0:002bb4	230813at32523	102446223
13735_0:002bb8	235783at32523	102452076
13735_0:002bbc	287359at32523	102454986
13735_0:002bbe	47088at32523	102452155
13735_0:002bbf	31846at32523	102459577
13735_0:002bd2	134360at32523	102457461
13735_0:002bd8	216161at32523	102460448
13735_0:002bd9	211643at32523	102459959
13735_0:002bdc	240917at32523	102448100
13735_0:002bdd	21248at32523	102460932
13735_0:002be1	226663at32523	102444761
13735_0:002be3	191359at32523	102448820
13735_0:002be4	259972at32523	102462279
13735_0:002be7	145184at32523	102445002
13735_0:002be9	299633at32523	102452403
13735_0:002bf6	288386at32523	102455402
13735_0:002bf8	113787at32523	102458460
13735_0:002bf9	47513at32523	102456056
13735_0:002bfa	122941at32523	102456725
13735_0:002c0a	133380at32523	102460521
13735_0:002c11	89516at32523	102444762
13735_0:002c1a	99607at32523	102447352
13735_0:002c20	155782at32523	102452404
13735_0:002c24	185755at32523	102453426
13735_0:002c25	77974at32523	102448495
13735_0:002c28	82302at32523	102452913
13735_0:002c29	143217at32523	102449378
13735_0:002c2f	59637at32523	102455740
13735_0:002c3d	145193at32523	102463164
13735_0:002c40	169526at32523	102461563
13735_0:002c41	85454at32523	102464081
13735_0:002c54	212959at32523	102445580
13735_0:002c57	10881at32523	102458461
13735_0:002c58	37400at32523	102444843
13735_0:002c5b	153576at32523	102461956
13735_0:002c5c	138430at32523	102462195
13735_0:002c61	262189at32523	102458695
13735_0:002c62	157714at32523	102462924
13735_0:002c63	183328at32523	102459085
13735_0:002c6d	59642at32523	102446938
13735_0:002c6f	3059at32523	102450093
13735_0:002c82	305803at32523	106732310
13735_0:002c83	187408at32523	102451272
13735_0:002c84	144258at32523	102451518
13735_0:002c8b	202229at32523	102455642
13735_0:002c9e	120528at32523	102458696
13735_0:002ca0	208060at32523	102457382
13735_0:002ca1	251159at32523	102458213
13735_0:002ca5	38183at32523	102462196
13735_0:002ca7	31446at32523	102445081
13735_0:002cac	182273at32523	102447844
13735_0:002caf	289713at32523	102461901
13735_0:002cb5	299312at32523	102450423
13735_0:002cb9	12314at32523	102455813
13735_0:002cba	194421at32523	102462280
13735_0:002cbc	128891at32523	102454391
13735_0:002cbe	166546at32523	102455331
13735_0:002cc0	158451at32523	102448102
13735_0:002cc1	17731at32523	102444147
13735_0:002cc2	115359at32523	102447185
13735_0:002cc3	17660at32523	102446939
13735_0:002ccc	194878at32523	102455569
13735_0:002ccd	104853at32523	102450176
13735_0:002cce	250555at32523	102463167
13735_0:002cd0	241615at32523	102449136
13735_0:002cd3	107601at32523	102463656
13735_0:002cd5	197776at32523	102445082
13735_0:002cd8	115119at32523	102448266
13735_0:002cda	231882at32523	102447099
13735_0:002cdb	267079at32523	102448738
13735_0:002cdd	120023at32523	102446608
13735_0:002cdf	267079at32523	102447514
13735_0:002ce0	144781at32523	102447433
13735_0:002ce1	66945at32523	102449458
13735_0:002ce2	127900at32523	102454392
13735_0:002ce7	264559at32523	102444846
13735_0:002ce9	83248at32523	102461491
13735_0:002ceb	275846at32523	102445243
13735_0:002cf1	135809at32523	102449854
13735_0:002cf5	43766at32523	102456399
13735_0:002cf6	213575at32523	102463906
13735_0:002cf9	253255at32523	102447845
13735_0:002cfc	133131at32523	102451519
13735_0:002d00	59938at32523	102453674
13735_0:002d02	301243at32523	102451675
13735_0:002d05	288636at32523	102451752
13735_0:002d08	136780at32523	102452406
13735_0:002d0f	239496at32523	102453165
13735_0:002d12	286524at32523	102453164
13735_0:002d13	132719at32523	102444067
13735_0:002d1c	211392at32523	102455158
13735_0:002d1f	155031at32523	102456970
13735_0:002d22	250210at32523	102456726
13735_0:002d23	72486at32523	102457217
13735_0:002d26	262005at32523	102462524
13735_0:002d2a	24081at32523	102462028
13735_0:002d31	20050at32523	102461086
13735_0:002d32	120535at32523	102445976
13735_0:002d34	120594at32523	102443418
13735_0:002d35	104339at32523	102443680
13735_0:002d3c	45439at32523	102444148
13735_0:002d40	182549at32523	102446849
13735_0:002d64	273458at32523	102456297
13735_0:002d66	225915at32523	102458776
13735_0:002d69	43168at32523	102457542
13735_0:002d6b	76884at32523	102455644
13735_0:002d6e	290814at32523	102458292
13735_0:002d79	122221at32523	102460933
13735_0:002d7f	160946at32523	102443589
13735_0:002d84	83582at32523	102451032
13735_0:002d85	77786at32523	102448267
13735_0:002d86	55910at32523	102451273
13735_0:002d87	237813at32523	102445245
13735_0:002d92	236854at32523	102452240
13735_0:002d93	218632at32523	102445977
13735_0:002d94	284081at32523	102451753
13735_0:002d99	32968at32523	102444308
13735_0:002d9c	771at32523	102446373
13735_0:002db2	114451at32523	102458538
13735_0:002dbd	93598at32523	102448419
13735_0:002dbe	30006at32523	102461657
13735_0:002dc3	168457at32523	102447434
13735_0:002dca	228949at32523	102445509
13735_0:002dcc	21070at32523	102445005
13735_0:002dcd	97286at32523	102446139
13735_0:002dd8	104932at32523	102450030
13735_0:002dda	155190at32523	102450501
13735_0:002de9	29230at32523	102460356
13735_0:002df1	31556at32523	102456480
13735_0:002df2	150642at32523	102456225
13735_0:002df4	156691at32523	102459167
13735_0:002df6	204498at32523	102457974
13735_0:002df7	251071at32523	102454642
13735_0:002dfb	119112at32523	102454158
13735_0:002dfc	162034at32523	102461329
13735_0:002dff	276072at32523	102460603
13735_0:002e13	85488at32523	102446699
13735_0:002e14	270328at32523	102454312
13735_0:002e15	103602at32523	102447354
13735_0:002e16	201268at32523	102455077
13735_0:002e19	284167at32523	102457285
13735_0:002e22	211410at32523	102455333
13735_0:002e23	20202at32523	102456298
13735_0:002e28	237584at32523	102456059
13735_0:002e2c	171096at32523	102448822
13735_0:002e2d	287262at32523	102447595
13735_0:002e34	303506at32523	102458853
13735_0:002e3a	32073at32523	102443591
13735_0:002e47	217579at32523	102445744
13735_0:002e4a	5343at32523	102446530
13735_0:002e52	228947at32523	102448190
13735_0:002e55	60551at32523	102455981
13735_0:002e57	88530at32523	102446224
13735_0:002e58	43956at32523	102463014
13735_0:002e63	249219at32523	102449856
13735_0:002e64	3129at32523	102450502
13735_0:002e65	269220at32523	102455405
13735_0:002e66	98614at32523	102446850
13735_0:002e6a	88654at32523	102459877
13735_0:002e6c	225069at32523	102456401
13735_0:002e71	293248at32523	102454820
13735_0:002e72	268682at32523	102443509
13735_0:002e76	60204at32523	102460839
13735_0:002e77	77749at32523	102451914
13735_0:002e7e	131843at32523	102446455
13735_0:002e80	223988at32523	102464004
13735_0:002e98	39851at32523	102459169
13735_0:002e99	58083at32523	102459409
13735_0:002e9a	96667at32523	102459878
13735_0:002e9b	107952at32523	102460120
13735_0:002ea1	38885at32523	102461413
13735_0:002ea7	172569at32523	102446456
13735_0:002ea9	128087at32523	102444392
13735_0:002eab	242120at32523	102463660
13735_0:002ead	256292at32523	102446225
13735_0:002eaf	103634at32523	102446942
13735_0:002eb2	264635at32523	102445248
13735_0:002eb7	38923at32523	106732373
13735_0:002ebf	7454at32523	102457545
13735_0:002ec1	200738at32523	102448908
13735_0:002ec2	157511at32523	102449533
13735_0:002ec9	165320at32523	102447683
13735_0:002ecd	251854at32523	102461091
13735_0:002ece	94346at32523	102459251
13735_0:002ed1	30247at32523	102462283
13735_0:002ed3	255377at32523	102447938
13735_0:002ed4	215610at32523	102454732
13735_0:002ed9	99895at32523	102453086
13735_0:002edb	228036at32523	102463170
13735_0:002ee8	233820at32523	102446531
13735_0:002ee9	187736at32523	102447272
13735_0:002ef0	266836at32523	102443510
13735_0:002ef3	201072at32523	102445437
13735_0:002ef5	240592at32523	102444932
13735_0:002ef8	155642at32523	102444687
13735_0:002efc	134999at32523	102459252
13735_0:002eff	225861at32523	102459809
13735_0:002f00	105855at32523	102462845
13735_0:002f06	173815at32523	102444233
13735_0:002f07	35484at32523	102446140
13735_0:002f0c	133800at32523	102456228
13735_0:002f12	214215at32523	102463409
13735_0:002f13	66856at32523	102460524
13735_0:002f18	242304at32523	102462033
13735_0:002f19	216799at32523	102449857
13735_0:002f1a	191823at32523	102451915
13735_0:002f1b	185680at32523	102451442
13735_0:002f1c	113206at32523	102456651
13735_0:002f1d	88745at32523	102457640
13735_0:002f1f	293975at32523	102443753
13735_0:002f20	209647at32523	102461567
13735_0:002f28	28018at32523	102456299
13735_0:002f2c	136046at32523	102458778
13735_0:002f2f	99453at32523	102456060
13735_0:002f31	31032at32523	102447517
13735_0:002f32	59704at32523	102456551
13735_0:002f33	276061at32523	102459726
13735_0:002f39	272286at32523	102459014
13735_0:002f3d	84120at32523	102459963
13735_0:002f3e	47092at32523	102449460
13735_0:002f41	257613at32523	102447273
13735_0:002f44	216791at32523	102452160
13735_0:002f45	145540at32523	102460694
13735_0:002f47	173918at32523	102461331
13735_0:002f48	283757at32523	102461568
13735_0:002f4c	80718at32523	102461808
13735_0:002f53	132590at32523	102443837
13735_0:002f54	133248at32523	102444688
13735_0:002f58	124465at32523	102450427
13735_0:002f59	275198at32523	102448191
13735_0:002f5e	57813at32523	102448740
13735_0:002f78	19671at32523	102458467
13735_0:002f7b	124988at32523	102451917
13735_0:002f7d	110948at32523	102463748
13735_0:002f7e	45105at32523	102459964
13735_0:002f82	35259at32523	102447191
13735_0:002f85	203791at32523	102461739
13735_0:002f88	289741at32523	102459578
13735_0:002f89	22580at32523	102461961
13735_0:002f8a	17009at32523	102447847
13735_0:002f8b	302930at32523	102444764
13735_0:002f8c	255400at32523	102448909
13735_0:002f8d	226162at32523	102449140
13735_0:002f8f	167418at32523	102448105
13735_0:002f90	147313at32523	102451444
13735_0:002f92	210503at32523	102449383
13735_0:002f94	25978at32523	102450096
13735_0:002f95	123135at32523	102451679
13735_0:002f97	225651at32523	102445829
13735_0:002f98	290548at32523	102451202
13735_0:002f99	163540at32523	102462445
13735_0:002f9a	285661at32523	102463093
13735_0:002f9c	126395at32523	102452657
13735_0:002f9d	206716at32523	102443991
13735_0:002f9e	262382at32523	102446775
13735_0:002fae	116580at32523	102457641
13735_0:002fb4	204806at32523	102460280
13735_0:002fb6	67670at32523	102460526
13735_0:002fbf	80447at32523	102443593
13735_0:002fc0	307163at32523	102443838
13735_0:002fc1	85385at32523	102445086
13735_0:002fc2	127100at32523	102444548
13735_0:002fc4	108666at32523	102445584
13735_0:002fc8	158487at32523	102446701
13735_0:002fd3	98164at32523	102453270
13735_0:002fd4	171475at32523	102453996
13735_0:002fd7	16931at32523	102454990
13735_0:002fd8	263885at32523	102454477
13735_0:002fda	34431at32523	102457465
13735_0:002fdb	227993at32523	102460454
13735_0:002fdd	293098at32523	102460695
13735_0:002fe6	107685at32523	102456801
13735_0:002fe9	203499at32523	102458056
13735_0:002feb	305590at32523	102457040
13735_0:002ffa	194583at32523	102450428
13735_0:002ffc	220866at32523	102446457
13735_0:002ffe	53009at32523	102444235
13735_0:003001	13946at32523	102448422
13735_0:003005	225823at32523	102445337
13735_0:003007	32884at32523	102447356
13735_0:003009	248464at32523	102453679
13735_0:00300a	135387at32523	102444850
13735_0:00300f	53271at32523	102454643
13735_0:003010	239729at32523	102456061
13735_0:003011	208049at32523	102459728
13735_0:003013	69531at32523	102463571
13735_0:003014	276695at32523	102459966
13735_0:003015	285282at32523	102456300
13735_0:00301b	181904at32523	102461242
13735_0:00301c	283461at32523	102459088
13735_0:003022	167540at32523	102461962
13735_0:00302a	275471at32523	102445675
13735_0:00302b	118318at32523	102445911
13735_0:003030	52987at32523	102448742
13735_0:003037	197557at32523	102450503
13735_0:00303b	98114at32523	102450970
13735_0:00303f	70563at32523	102452080
13735_0:003042	266157at32523	102454398
13735_0:003045	192208at32523	102463094
13735_0:00304d	293431at32523	102454644
13735_0:00304f	15121at32523	102455080
13735_0:003058	33582at32523	102456403
13735_0:00306b	288365at32523	102453348
13735_0:00306e	278518at32523	102453607
13735_0:00306f	54646at32523	102448911
13735_0:003073	65069at32523	102448500
13735_0:003075	135697at32523	102450032
13735_0:00307b	88798at32523	102451365
13735_0:00307e	209160at32523	102451130
13735_0:003080	190977at32523	102449779
13735_0:003085	118322at32523	102456653
13735_0:003086	52562at32523	102456404
13735_0:003087	308939at32523	102455339
13735_0:00308a	195778at32523	102455647
13735_0:00308d	9028at32523	102460121
13735_0:00308e	3280at32523	102462201
13735_0:003097	227270at32523	102459170
13735_0:003098	301171at32523	102458700
13735_0:003099	168156at32523	106732425
13735_0:00309c	10583at32523	102463173
13735_0:00309d	165454at32523	102463912
13735_0:0030b0	222405at32523	102451276
13735_0:0030c8	276880at32523	102459652
13735_0:0030ca	142903at32523	102458854
13735_0:0030cc	98018at32523	102457386
13735_0:0030cd	117158at32523	102460122
13735_0:0030cf	194455at32523	102459880
13735_0:0030d0	274833at32523	102456893
13735_0:0030d3	136001at32523	102460763
13735_0:0030d8	134629at32523	102461009
13735_0:0030df	204099at32523	102447685
13735_0:0030e0	55586at32523	102444311
13735_0:0030e1	231836at32523	102446944
13735_0:0030e3	248987at32523	102444550
13735_0:0030e6	169032at32523	102445253
13735_0:0030e7	226440at32523	102455818
13735_0:0030e9	174771at32523	102459494
13735_0:0030ec	301078at32523	102450098
13735_0:0030f0	139378at32523	102459729
13735_0:0030f7	234493at32523	102451839
13735_0:0030f8	103109at32523	102450892
13735_0:0030fa	122950at32523	102449065
13735_0:0030fb	106918at32523	102445009
13735_0:0030fc	235813at32523	102448825
13735_0:0030fd	191037at32523	102451600
13735_0:0030ff	191397at32523	102449701
13735_0:003100	162438at32523	102448582
13735_0:003101	185999at32523	102458542
13735_0:003104	132033at32523	102463664
13735_0:003111	155486at32523	102463331
13735_0:003112	73451at32523	102463095
13735_0:003125	277625at32523	102450342
13735_0:003128	209185at32523	102452760
13735_0:00312a	174589at32523	102450797
13735_0:00312e	305431at32523	102453349
13735_0:003130	69226at32523	102455161
13735_0:003133	80695at32523	102454399
13735_0:00313b	229115at32523	102448269
13735_0:00313e	300008at32523	102455648
13735_0:003142	80230at32523	102453922
13735_0:003143	77972at32523	102456654
13735_0:003145	114567at32523	102458386
13735_0:003146	93349at32523	102456894
13735_0:003148	98588at32523	102462766
13735_0:00314a	88099at32523	102458627
13735_0:00314b	30353at32523	102463257
13735_0:00314c	87777at32523	102461244
13735_0:003150	57204at32523	102443995
13735_0:003152	54502at32523	102443424
13735_0:003153	205827at32523	102461965
13735_0:003155	220909at32523	102459256
13735_0:00315c	52390at32523	102459881
13735_0:00315d	218058at32523	102449947
13735_0:003165	257119at32523	102447851
13735_0:003170	110811at32523	102453434
13735_0:003175	60108at32523	102455081
13735_0:003177	152670at32523	102455649
13735_0:003179	135079at32523	102447439
13735_0:00317d	195209at32523	102444151
13735_0:003181	239568at32523	102443917
13735_0:003182	162481at32523	102460608
13735_0:003184	139217at32523	102456146
13735_0:003185	116132at32523	102456552
13735_0:003186	184791at32523	102449780
13735_0:003189	164767at32523	102458142
13735_0:00318b	123644at32523	102445254
13735_0:00318d	207969at32523	102456972
13735_0:00318f	35351at32523	102444394
13735_0:003191	118504at32523	102447686
13735_0:003194	222603at32523	102455892
13735_0:003199	221567at32523	102458387
13735_0:00319d	285455at32523	102443996
13735_0:00319f	262918at32523	102454992
13735_0:0031a0	17894at32523	102459171
13735_0:0031a3	248181at32523	102443425
13735_0:0031a4	296748at32523	102457290
13735_0:0031a5	83777at32523	102463751
13735_0:0031a8	61878at32523	102444852
13735_0:0031ab	235011at32523	102461811
13735_0:0031ac	119371at32523	102454479
13735_0:0031b1	119977at32523	102457895
13735_0:0031b2	27927at32523	102444395
13735_0:0031b5	166999at32523	102444627
13735_0:0031bd	175073at32523	102446703
13735_0:0031ce	93080at32523	102452162
13735_0:0031cf	45998at32523	102450343
13735_0:0031d1	205908at32523	102452582
13735_0:0031d2	136768at32523	102454318
13735_0:0031d6	155765at32523	102455577
13735_0:0031dd	136320at32523	102457387
13735_0:0031ec	91010at32523	102462449
13735_0:0031fd	266604at32523	102443758
13735_0:00321e	80876at32523	102456656
13735_0:003222	308841at32523	102448193
13735_0:003240	262549at32523	102456406
13735_0:00324e	18391at32523	102455650
13735_0:003250	81880at32523	102447520
13735_0:003254	238400at32523	102459018
13735_0:003256	188683at32523	102458545
13735_0:003257	159137at32523	102458782
13735_0:00325a	206091at32523	102458300
13735_0:00325b	282804at32523	102462936
13735_0:003261	297915at32523	102463412
13735_0:003265	143511at32523	102463916
13735_0:003267	231389at32523	102459413
13735_0:00327d	21233at32523	102450101
13735_0:00327f	293253at32523	102448829
13735_0:003283	66292at32523	102454994
13735_0:00328c	230581at32523	102452329
13735_0:0032a5	140901at32523	102462937
13735_0:0032b4	84256at32523	102446776
13735_0:0032b5	172839at32523	102446299
13735_0:0032b9	92336at32523	102449614
13735_0:0032bd	44174at32523	102450102
13735_0:0032c2	203233at32523	102452164
13735_0:0032c9	234330at32523	102459257
13735_0:0032ca	231255at32523	102453926
13735_0:0032d0	240495at32523	102454319
13735_0:0032dc	145097at32523	102462848
13735_0:0032dd	294122at32523	102461813
13735_0:0032de	125793at32523	102462037
13735_0:0032e2	153277at32523	102443515
13735_0:0032e3	78746at32523	102460938
13735_0:0032e4	81150at32523	102462612
13735_0:0032e8	95045at32523	102444398
13735_0:0032f1	15690at32523	102446228
13735_0:0032f5	250574at32523	102445343
13735_0:0032fc	85468at32523	102448984
13735_0:0032fe	112317at32523	102451601
13735_0:003301	171347at32523	102454737
13735_0:003304	119436at32523	102453608
13735_0:00330d	189742at32523	102453090
13735_0:003310	177065at32523	102456657
13735_0:003312	262245at32523	102457468
13735_0:003315	284667at32523	102458301
13735_0:003316	176378at32523	102463575
13735_0:00331a	32796at32523	102459498
13735_0:00331b	84647at32523	102459258
13735_0:00331c	135698at32523	106732496
13735_0:003323	294769at32523	102460216
13735_0:003325	270878at32523	102458546
13735_0:003326	292469at32523	102444155
13735_0:003352	165208at32523	102460217
13735_0:003353	175597at32523	102460696
13735_0:003356	73741at32523	102455408
13735_0:003359	46650at32523	102457142
13735_0:00335a	298187at32523	102459580
13735_0:00335c	92700at32523	102455651
13735_0:00336b	272011at32523	102447197
13735_0:00336c	53191at32523	102446705
13735_0:00336d	187568at32523	102449389
13735_0:00336e	25748at32523	102447769
13735_0:00336f	255581at32523	102446462
13735_0:003372	134965at32523	102449950
13735_0:003373	165838at32523	102450651
13735_0:003375	167417at32523	102451132
13735_0:003379	165494at32523	102452330
13735_0:00337f	101208at32523	102457294
13735_0:003381	166322at32523	102459090
13735_0:003382	38580at32523	102458220
13735_0:003383	68740at32523	102456555
13735_0:003384	162333at32523	102460528
13735_0:00338a	179185at32523	102456149
13735_0:00338d	258655at32523	102457723
13735_0:00338e	39015at32523	102460049
13735_0:00338f	253762at32523	102454738
13735_0:003392	57831at32523	102444313
13735_0:003396	263557at32523	102463833
13735_0:0033a2	160273at32523	102445678
13735_0:0033a6	70807at32523	102447690
13735_0:0033aa	269984at32523	102456063
13735_0:0033b2	291641at32523	102451207
13735_0:0033b4	186688at32523	102450972
13735_0:0033b8	116031at32523	102463018
13735_0:0033bb	123728at32523	102463492
13735_0:0033c3	279702at32523	102456485
13735_0:0033c5	265286at32523	102452660
13735_0:0033c7	203507at32523	102461417
13735_0:0033ca	232378at32523	102463753
13735_0:0033cc	174403at32523	102450575
13735_0:0033d0	209976at32523	102455082
13735_0:0033d1	202299at32523	102455652
13735_0:0033e4	18042at32523	102447691
13735_0:0033f2	40982at32523	102453017
13735_0:003405	254887at32523	102459326
13735_0:003409	251673at32523	102448111
13735_0:00340d	209617at32523	102461497
13735_0:00340e	174959at32523	102463096
13735_0:003410	53426at32523	102448355
13735_0:003414	171587at32523	102445748
13735_0:003420	253461at32523	102449069
13735_0:003423	247336at32523	102446535
13735_0:003427	116780at32523	102450895
13735_0:00343d	93350at32523	102455409
13735_0:003446	230806at32523	102463413
13735_0:00344d	29095at32523	102459091
13735_0:00344e	269758at32523	102463919
13735_0:00344f	152021at32523	102444857
13735_0:00345d	198129at32523	102450802
13735_0:00345f	156698at32523	102451041
13735_0:003463	53925at32523	102449312
13735_0:00346b	265778at32523	102454076
13735_0:00346c	123090at32523	102454997
13735_0:003471	87859at32523	102457553
13735_0:003474	289591at32523	102459657
13735_0:003475	76539at32523	102452586
13735_0:003476	255018at32523	102457048
13735_0:003478	269965at32523	102453018
13735_0:00347c	125206at32523	102459415
13735_0:00347d	116183at32523	102455495
13735_0:00347e	273398at32523	102454482
13735_0:00347f	87304at32523	102460127
13735_0:003481	44421at32523	102458063
13735_0:003484	149510at32523	102459174
13735_0:003486	271350at32523	102461249
13735_0:003487	225964at32523	102460613
13735_0:003491	152310at32523	102444077
13735_0:003493	291255at32523	102445680
13735_0:003497	83291at32523	102447442
13735_0:003498	211262at32523	102443843
13735_0:003499	232364at32523	102446230
13735_0:00349d	210594at32523	102450652
13735_0:00349f	71584at32523	102447692
13735_0:0034a0	74351at32523	102448985
13735_0:0034af	185805at32523	102453439
13735_0:0034b0	144070at32523	102459733
13735_0:0034b9	61791at32523	102454077
13735_0:0034ba	254389at32523	102460461
13735_0:0034bc	184812at32523	102454563
13735_0:0034bf	100796at32523	102461180
13735_0:0034c2	14979at32523	102461663
13735_0:0034c3	40718at32523	102461419
13735_0:0034c4	82619at32523	102463668
13735_0:0034c8	207493at32523	102453845
13735_0:0034c9	56686at32523	102453276
13735_0:0034ca	90405at32523	102454078
13735_0:0034cb	246867at32523	102446862
13735_0:0034cc	276098at32523	102463098
13735_0:0034cd	49344at32523	102447443
13735_0:0034d0	259445at32523	102445095
13735_0:0034d2	43944at32523	102455343
13735_0:0034d3	49344at32523	106732530
13735_0:0034d4	77894at32523	102450187
13735_0:0034d6	38146at32523	102444476
13735_0:0034d7	221152at32523	102445345
13735_0:0034d8	124589at32523	102454322
13735_0:0034dc	195753at32523	102452002
13735_0:0034e1	36683at32523	102456232
13735_0:0034e4	120234at32523	102456658
13735_0:0034e7	151420at32523	102459416
13735_0:0034e9	126992at32523	102458143
13735_0:0034ea	142178at32523	102459175
13735_0:0034ec	156907at32523	102458548
13735_0:0034ed	26671at32523	102461096
13735_0:0034f1	217535at32523	102445984
13735_0:0034f4	280967at32523	102447015
13735_0:0034f7	277821at32523	102444695
13735_0:0034f8	177858at32523	102443687
13735_0:0034fd	263513at32523	102445592
13735_0:0034fe	23586at32523	102446778
13735_0:003504	97847at32523	102449866
13735_0:00350a	46044at32523	102450349
13735_0:003512	84938at32523	102452662
13735_0:003518	172287at32523	102453091
13735_0:003530	184119at32523	102445515
13735_0:003531	205407at32523	102448112
13735_0:003533	217565at32523	102447694
13735_0:003539	71170at32523	102448832
13735_0:00353a	247289at32523	102449227
13735_0:00353e	112288at32523	102460615
13735_0:00353f	21786at32523	102459417
13735_0:003545	98553at32523	102456233
13735_0:00354a	157532at32523	102452503
13735_0:00354c	75085at32523	102457050
13735_0:003550	200682at32523	102459176
13735_0:003552	219516at32523	102451531
13735_0:003555	69201at32523	102457726
13735_0:003556	263924at32523	102457469
13735_0:00355a	124314at32523	102461573
13735_0:003560	189285at32523	102446536
13735_0:003561	92700at32523	102445097
13735_0:003567	25276at32523	102444696
13735_0:003568	149597at32523	102444316
13735_0:003569	144000at32523	102446300
13735_0:003575	296888at32523	102449465
13735_0:003578	209932at32523	102450276
13735_0:003579	289632at32523	102451450
13735_0:00357d	267545at32523	102450653
13735_0:00357f	293628at32523	102453177
13735_0:00358d	215019at32523	102457727
13735_0:003590	142862at32523	102462940
13735_0:003595	196008at32523	102461421
13735_0:003596	32967at32523	102459973
13735_0:00359b	72646at32523	102458930
13735_0:00359c	247461at32523	102460463
13735_0:00359d	289300at32523	102459735
13735_0:00359f	24147at32523	102443431
13735_0:0035a1	109155at32523	102444400
13735_0:0035a5	205468at32523	102445594
13735_0:0035a6	279673at32523	102443688
13735_0:0035ab	89208at32523	102447524
13735_0:0035b1	280319at32523	102448271
13735_0:0035ba	76120at32523	102451682
13735_0:0035bb	134415at32523	102453020
13735_0:0035c0	38961at32523	102454002
13735_0:0035c1	38961at32523	102453765
13735_0:0035c4	213921at32523	102454740
13735_0:0035c5	215217at32523	102454998
13735_0:0035c6	42951at32523	102454242
13735_0:0035cd	159490at32523	102457555
13735_0:0035d5	277856at32523	102458550
13735_0:0035e4	84030at32523	102444080
13735_0:0035e9	57115at32523	102448590
13735_0:0035f2	222719at32523	102461574
13735_0:0035f4	81322at32523	102449542
13735_0:0035fa	247784at32523	102454741
13735_0:0035fc	163694at32523	102458222
13735_0:003609	288598at32523	102458931
13735_0:003613	35460at32523	102457644
13735_0:00361d	82500at32523	102450805
13735_0:00361f	149281at32523	102456068
13735_0:003620	177974at32523	102456410
13735_0:003622	175609at32523	102455411
13735_0:00362f	78600at32523	102446623
13735_0:003636	182033at32523	102461182
13735_0:00363f	20196at32523	102457145
13735_0:003647	254900at32523	102454999
13735_0:003653	210026at32523	102452415
13735_0:003658	208660at32523	102459812
13735_0:003659	116463at32523	102461820
13735_0:00365a	212978at32523	102462373
13735_0:00365e	86367at32523	102461183
13735_0:003665	156527at32523	102445179
13735_0:003666	164362at32523	102446537
13735_0:00366a	14391at32523	102445836
13735_0:00366b	104246at32523	102446065
13735_0:003670	96935at32523	102459506
13735_0:003671	220833at32523	102450434
13735_0:003674	17185at32523	102458788
13735_0:003675	68556at32523	102453442
13735_0:003676	161653at32523	102454742
13735_0:003678	270215at32523	102459975
13735_0:003679	84623at32523	102448024
13735_0:00367a	252035at32523	102449543
13735_0:00367d	263200at32523	102460222
13735_0:00367e	106408at32523	102455746
13735_0:00367f	247435at32523	102455000
13735_0:003682	266438at32523	102449147
13735_0:003684	169495at32523	102455252
13735_0:003685	20862at32523	102455496
13735_0:003689	124988at32523	102451045
13735_0:00368b	72215at32523	102451844
13735_0:00368c	275401at32523	102459737
13735_0:003691	210757at32523	102459262
13735_0:0036af	249327at32523	102443432
13735_0:0036bb	257643at32523	102452085
13735_0:0036bc	119144at32523	102451845
13735_0:0036bf	281170at32523	102453180
13735_0:0036c0	60892at32523	102454651
13735_0:0036c1	256685at32523	102454166
13735_0:0036c2	172434at32523	102452927
13735_0:0036ee	189558at32523	102448199
13735_0:0036fa	206923at32523	102446949
13735_0:0036fb	271184at32523	102444938
13735_0:0036fc	61708at32523	102450191
13735_0:0036fd	153249at32523	102453847
13735_0:0036fe	288185at32523	102449954
13735_0:0036ff	271056at32523	102461577
13735_0:003702	132085at32523	102449619
13735_0:003704	191792at32523	102452928
13735_0:003708	249555at32523	102457729
13735_0:003709	283327at32523	102452506
13735_0:00370d	22043at32523	102450899
13735_0:00370f	251750at32523	102444697
13735_0:003711	290884at32523	102449870
13735_0:003714	52438at32523	102453353
13735_0:003715	146381at32523	102449707
13735_0:003716	107527at32523	102451137
13735_0:00371a	208711at32523	102462211
13735_0:00371b	231266at32523	102458145
13735_0:00371e	251750at32523	102444478
13735_0:00371f	54352at32523	102460702
13735_0:003720	22166at32523	102456412
13735_0:003724	264361at32523	102452505
13735_0:003728	171656at32523	102453443
13735_0:003735	18091at32523	102458932
13735_0:003737	161244at32523	102457900
13735_0:003755	42646at32523	102447695
13735_0:00375b	112312at32523	102450580
13735_0:00375d	150076at32523	102449955
13735_0:003762	110563at32523	102452333
13735_0:003766	162671at32523	102450807
13735_0:00376c	84023at32523	102451210
13735_0:00376e	59900at32523	102454654
13735_0:00378c	207331at32523	102443434
13735_0:003795	198375at32523	102445258
13735_0:003796	81829at32523	102445516
13735_0:003797	184664at32523	102448115
13735_0:0037a3	270131at32523	102452167
13735_0:0037a5	40881at32523	102451920
13735_0:0037a7	124451at32523	102451534
13735_0:0037a8	168477at32523	102452417
13735_0:0037ae	261039at32523	102457147
13735_0:0037af	195716at32523	102454567
13735_0:0037b0	37749at32523	102456561
13735_0:0037b1	247890at32523	102455253
13735_0:0037b2	30424at32523	102456308
13735_0:0037b3	197528at32523	102455001
13735_0:0037b9	160490at32523	102444479
13735_0:0037bf	91147at32523	102461015
13735_0:0037c3	150104at32523	102461823
13735_0:0037c4	94528at32523	102458933
13735_0:0037c5	88801at32523	102463022
13735_0:0037c8	67260at32523	102462374
13735_0:0037c9	127183at32523	102461425
13735_0:0037cb	91043at32523	102445181
13735_0:0037cd	301749at32523	102445987
13735_0:0037d1	51621at32523	102447607
13735_0:0037d2	298394at32523	102449230
13735_0:0037d3	114384at32523	102448989
13735_0:0037dd	303918at32523	102452418
13735_0:0037de	68680at32523	102457983
13735_0:0037df	101948at32523	102457472
13735_0:0037e3	40157at32523	102452846
13735_0:0037e4	206518at32523	102457730
13735_0:0037e8	37181at32523	102453445
13735_0:0037eb	84782at32523	102459264
13735_0:0037f1	185394at32523	102461824
13735_0:0037f2	27030at32523	102461579
13735_0:0037f5	203700at32523	102462456
13735_0:0037f6	1696at32523	102463104
13735_0:0037f7	261859at32523	102463840
13735_0:0037fc	93139at32523	102448505
13735_0:003801	189799at32523	102446866
13735_0:003803	210880at32523	102451048
13735_0:00380f	141965at32523	102446068
13735_0:003810	216370at32523	102450193
13735_0:003811	96677at32523	102448748
13735_0:003814	33312at32523	102455657
13735_0:003818	105477at32523	102458309
13735_0:00381b	287057at32523	102456562
13735_0:00381c	65939at32523	102458554
13735_0:00381d	229340at32523	102458790
13735_0:003822	235417at32523	102453930
13735_0:003827	270101at32523	102460224
13735_0:003828	142846at32523	102459977
13735_0:00382a	230716at32523	102463336
13735_0:00382b	20131at32523	102443927
13735_0:00382c	239395at32523	102447201
13735_0:00382f	50632at32523	102461426
13735_0:003830	174474at32523	102461185
13735_0:003832	34270at32523	102444160
13735_0:003834	182710at32523	102446236
13735_0:003838	94793at32523	102462132
13735_0:00383a	184953at32523	102445517
13735_0:00383b	95397at32523	102462375
13735_0:00383c	101373at32523	102448116
13735_0:00383e	253263at32523	102447446
13735_0:003840	93188at32523	102451212
13735_0:003843	206094at32523	102453093
13735_0:003846	252143at32523	102452588
13735_0:003848	193064at32523	102449231
13735_0:003849	113921at32523	102451685
13735_0:00384b	275832at32523	102454655
13735_0:00384d	216079at32523	102454913
13735_0:00384e	175561at32523	102448749
13735_0:003850	143241at32523	102455169
13735_0:003860	269066at32523	102460704
13735_0:003873	213586at32523	102444634
13735_0:003875	164856at32523	102448361
13735_0:003877	92714at32523	102446386
13735_0:00387a	212926at32523	102448594
13735_0:00387b	46392at32523	102448836
13735_0:00387d	136715at32523	102445682
13735_0:003880	115678at32523	102453691
13735_0:003885	91084at32523	102459331
13735_0:003889	162338at32523	102451373
13735_0:00388c	165047at32523	102456070
13735_0:00388d	114777at32523	102457473
13735_0:003891	3627at32523	102460286
13735_0:003893	228616at32523	102450108
13735_0:003895	284695at32523	102455826
13735_0:003896	230802at32523	102458857
13735_0:003897	39534at32523	102457732
13735_0:003898	62267at32523	102450351
13735_0:00389a	282396at32523	102452008
13735_0:00389e	48639at32523	102454486
13735_0:0038a9	115468at32523	102445353
13735_0:0038ca	60779at32523	102454570
13735_0:0038cc	146418at32523	102455346
13735_0:0038ce	260469at32523	102454830
13735_0:0038d3	16175at32523	102457733
13735_0:0038d4	250470at32523	102456564
13735_0:0038d7	122695at32523	102459586
13735_0:0038db	23479at32523	102463338
13735_0:0038dc	36040at32523	102461427
13735_0:0038e2	256738at32523	102456155
13735_0:0038e4	119364at32523	102460531
13735_0:0038ee	249661at32523	102456900
13735_0:0038f0	121983at32523	102447112
13735_0:0038f8	41099at32523	102443845
13735_0:0038f9	253504at32523	102450037
13735_0:0038fa	110637at32523	102447365
13735_0:0038fc	178257at32523	102451138
13735_0:003900	171423at32523	102452589
13735_0:003904	139002at32523	102459889
13735_0:003905	65110at32523	102445683
13735_0:003907	168932at32523	102461745
13735_0:003918	83849at32523	102459660
13735_0:00391b	66116at32523	102462133
13735_0:003923	33728at32523	102450038
13735_0:003928	219190at32523	102448595
13735_0:00392e	259614at32523	102460705
13735_0:003947	40754at32523	102444162
13735_0:003948	227172at32523	102443929
13735_0:003949	204007at32523	102463264
13735_0:00394b	253004at32523	102443694
13735_0:003956	268141at32523	102446150
13735_0:003958	221733at32523	102444861
13735_0:00395f	166024at32523	102451139
13735_0:003962	208063at32523	102448597
13735_0:00396c	245153at32523	102452670
13735_0:003977	183602at32523	102452672
13735_0:00397a	2762at32523	102452935
13735_0:00397f	124263at32523	102458935
13735_0:003983	246274at32523	102463339
13735_0:003987	167373at32523	102454915
13735_0:003991	41743at32523	102444483
13735_0:003998	22989at32523	102460056
13735_0:0039a2	105251at32523	102462458
13735_0:0039a5	156677at32523	102462046
13735_0:0039df	121793at32523	102450811
13735_0:0039e0	190386at32523	102450354
13735_0:0039e3	224102at32523	102449150
13735_0:0039e8	196492at32523	102453281
13735_0:0039e9	130390at32523	102451771
13735_0:0039f1	292291at32523	102455258
13735_0:0039fa	81302at32523	102456978
13735_0:0039fb	60104at32523	102456735
13735_0:0039fc	245059at32523	102456236
13735_0:0039fd	130200at32523	102457562
13735_0:0039fe	57825at32523	102459512
13735_0:003a00	114457at32523	102460469
13735_0:003a02	261584at32523	102456491
13735_0:003a0b	238211at32523	102461188
13735_0:003a0e	251133at32523	102463761
13735_0:003a0f	252776at32523	102461670
13735_0:003a12	159353at32523	102443767
13735_0:003a39	263902at32523	102454659
13735_0:003a3a	302259at32523	102452850
13735_0:003a3b	283606at32523	102460131
13735_0:003a3e	64751at32523	102460370
13735_0:003a3f	226996at32523	102460621
13735_0:003a40	257480at32523	102455259
13735_0:003a42	208316at32523	102452335
13735_0:003a43	116004at32523	102453097
13735_0:003a44	160529at32523	102455501
13735_0:003a4a	151454at32523	102462136
13735_0:003a4c	257560at32523	102463267
13735_0:003a54	292186at32523	102447286
13735_0:003a57	19590at32523	102448030
13735_0:003a59	186760at32523	102444705
13735_0:003a5a	162668at32523	102443524
13735_0:003a60	249342at32523	102445451
13735_0:003a64	141334at32523	102449235
13735_0:003a67	231852at32523	102448994
13735_0:003a68	150210at32523	102448277
13735_0:003a6c	133315at32523	102450198
13735_0:003a6d	112833at32523	102451292
13735_0:003a6e	54252at32523	102451051
13735_0:003a6f	222401at32523	102450660
13735_0:003a7b	61625at32523	106732683
13735_0:003a7c	253621at32523	102454411
13735_0:003a7f	166353at32523	102454171
13735_0:003a8a	243263at32523	102458072
13735_0:003a94	18124at32523	102449962
13735_0:003a96	191613at32523	102462137
13735_0:003a9b	80992at32523	102451293
13735_0:003a9c	127170at32523	102452089
13735_0:003a9d	142537at32523	102454918
13735_0:003a9f	149751at32523	102454660
13735_0:003aa3	131408at32523	102444946
13735_0:003aa4	82934at32523	102450661
13735_0:003aab	109312at32523	102463269
13735_0:003aad	297609at32523	102450442
13735_0:003aaf	67312at32523	102461672
13735_0:003ab2	300997at32523	102451052
13735_0:003ab9	87735at32523	102453284
13735_0:003aba	27485at32523	102448995
13735_0:003abc	239042at32523	102447699
13735_0:003abe	160232at32523	102444322
13735_0:003ac0	261311at32523	102452426
13735_0:003ac2	79065at32523	102452937
13735_0:003ac3	134350at32523	102452674
13735_0:003ac8	236312at32523	102463674
13735_0:003ac9	136252at32523	102457394
13735_0:003acb	147846at32523	102449624
13735_0:003acc	49347at32523	102453934
13735_0:003ace	154840at32523	102460231
13735_0:003acf	222120at32523	102462461
13735_0:003ad0	233591at32523	102463927
13735_0:003ad2	268496at32523	102445357
13735_0:003ad4	184266at32523	102450662
13735_0:003ada	236107at32523	102444249
13735_0:003add	236312at32523	102453187
13735_0:003ae0	251675at32523	102454173
13735_0:003ae3	83442at32523	102453696
13735_0:003ae5	26094at32523	102446155
13735_0:003ae6	49499at32523	102449877
13735_0:003ae8	142037at32523	102445105
13735_0:003ae9	119267at32523	102443606
13735_0:003aea	43670at32523	102454413
13735_0:003aed	217534at32523	102456159
13735_0:003aee	285845at32523	102457307
13735_0:003b03	285253at32523	102461673
13735_0:003b11	11088at32523	102446394
13735_0:003b12	25837at32523	102445994
13735_0:003b13	57153at32523	102446788
13735_0:003b22	155788at32523	102457308
13735_0:003b25	269666at32523	102456818
13735_0:003b26	23679at32523	102456571
13735_0:003b27	78429at32523	102461750
13735_0:003b28	182531at32523	102457989
13735_0:003b2b	119568at32523	102443850
13735_0:003b30	208381at32523	102463928
13735_0:003b31	212618at32523	102449878
13735_0:003b32	261747at32523	102460232
13735_0:003b33	44439at32523	102459101
13735_0:003b36	224043at32523	102461975
13735_0:003b3d	218685at32523	102463029
13735_0:003b40	184559at32523	102448207
13735_0:003b41	155262at32523	102459516
13735_0:003b48	196530at32523	102458075
13735_0:003b4a	193924at32523	102457820
13735_0:003b4c	4408at32523	102458560
13735_0:003b4e	223932at32523	102454330
13735_0:003b53	22986at32523	102457566
13735_0:003b54	266230at32523	102459892
13735_0:003b56	246493at32523	102456665
13735_0:003b57	35204at32523	102452675
13735_0:003b59	298204at32523	102453697
13735_0:003b5f	181827at32523	102456417
13735_0:003b62	109650at32523	102453450
13735_0:003b71	263856at32523	102447027
13735_0:003b72	254666at32523	102445359
13735_0:003b74	201210at32523	102445605
13735_0:003b79	282226at32523	102449396
13735_0:003b7f	68803at32523	102450585
13735_0:003b81	261823at32523	102450113
13735_0:003b85	159730at32523	102452428
13735_0:003b8a	131624at32523	102443608
13735_0:003b8b	56672at32523	102453189
13735_0:003b8d	295685at32523	102455835
13735_0:003b8f	104661at32523	102459594
13735_0:003b90	176586at32523	102458076
13735_0:003b92	122928at32523	102457478
13735_0:003b93	220321at32523	102462139
13735_0:003b96	105768at32523	102456666
13735_0:003b99	31218at32523	102444562
13735_0:003b9a	222417at32523	102463030
13735_0:003b9b	181620at32523	102460374
13735_0:003b9c	251796at32523	102456418
13735_0:003b9d	190849at32523	102452939
13735_0:003b9e	196360at32523	102461434
13735_0:003ba2	209270at32523	102462381
13735_0:003bae	39659at32523	102448603
13735_0:003bb2	15391at32523	102457154
13735_0:003bb4	190582at32523	102444011
13735_0:003bb6	102781at32523	102462140
13735_0:003bba	103667at32523	102450983
13735_0:003bbb	309030at32523	102463504
13735_0:003bbc	107469at32523	102455904
13735_0:003bbe	78944at32523	102450041
13735_0:003bbf	67177at32523	102450283
13735_0:003bc1	167107at32523	102464022
13735_0:003bc2	255791at32523	102461753
13735_0:003bc7	11754at32523	102463031
13735_0:003bc8	105917at32523	102454839
13735_0:003bca	116569at32523	102444491
13735_0:003bcb	247942at32523	102463764
13735_0:003bcf	116464at32523	102460534
13735_0:003bd2	40748at32523	102459894
13735_0:003bd3	103286at32523	102443771
13735_0:003bd7	180829at32523	102447701
13735_0:003bd8	115212at32523	102451776
13735_0:003be1	170646at32523	102447453
13735_0:003be4	157804at32523	102454252
13735_0:003be7	85369at32523	102452179
13735_0:003be8	135414at32523	102445606
13735_0:003beb	153217at32523	102446716
13735_0:003bec	174621at32523	102449478
13735_0:003bf9	106709at32523	102456498
13735_0:003bfa	82309at32523	102457480
13735_0:003bff	281334at32523	102457060
13735_0:003c01	125224at32523	102450985
13735_0:003c02	221322at32523	102459104
13735_0:003c03	169330at32523	102450116
13735_0:003c04	234795at32523	102446717
13735_0:003c05	67678at32523	102456420
13735_0:003c07	115278at32523	102443358
13735_0:003c08	283164at32523	102447210
13735_0:003c09	132813at32523	102448127
13735_0:003c0e	215813at32523	102458155
13735_0:003c10	193659at32523	102456162
13735_0:003c18	3768at32523	102451851
13735_0:003c1b	238070at32523	102459343
13735_0:003c1c	91728at32523	102457399
13735_0:003c1d	127099at32523	102454175
13735_0:003c1e	135026at32523	102458865
13735_0:003c1f	130080at32523	102461435
13735_0:003c20	284319at32523	102445845
13735_0:003c23	125113at32523	102460535
13735_0:003c24	101591at32523	102461916
13735_0:003c27	250539at32523	102463590
13735_0:003c2e	197330at32523	102447870
13735_0:003c31	242911at32523	102457157
13735_0:003c35	95300at32523	102452853
13735_0:003c3d	237297at32523	102445021
13735_0:003c3e	61999at32523	102459825
13735_0:003c3f	141390at32523	102453618
13735_0:003c6b	247662at32523	102455754
13735_0:003c71	80456at32523	102454577
13735_0:003c73	232250at32523	102456741
13735_0:003c75	75693at32523	102456501
13735_0:003c79	296274at32523	102459031
13735_0:003c7c	175663at32523	102458318
13735_0:003c7d	30595at32523	102460136
13735_0:003c82	228237at32523	102444565
13735_0:003c83	175870at32523	102463191
13735_0:003c84	81944at32523	102462707
13735_0:003c88	16505at32523	102463682
13735_0:003c93	144360at32523	102447211
13735_0:003c95	56679at32523	102446635
13735_0:003c99	118907at32523	102461588
13735_0:003c9a	308935at32523	102453542
13735_0:003c9c	58163at32523	102450517
13735_0:003c9e	96094at32523	102454178
13735_0:003ca0	7668at32523	102458079
13735_0:003ca2	92357at32523	102462863
13735_0:003ca3	121993at32523	102459183
13735_0:003ca4	289170at32523	102459899
13735_0:003ca7	288741at32523	102461830
13735_0:003ca8	24887at32523	102449792
13735_0:003cb1	74386at32523	102455263
13735_0:003cb2	160164at32523	102451298
13735_0:003cb4	168412at32523	102448846
13735_0:003cb6	189269at32523	102463345
13735_0:003cb8	30318at32523	102452681
13735_0:003cbd	263818at32523	102453777
13735_0:003cbe	87016at32523	102463113
13735_0:003cc0	212632at32523	102463847
13735_0:003cc1	77335at32523	102458794
13735_0:003cc2	67240at32523	102454840
13735_0:003cc3	281238at32523	102457651
13735_0:003cd6	133621at32523	102451144
13735_0:003ce7	72496at32523	102459106
13735_0:003cea	23478at32523	102460627
13735_0:003cec	200942at32523	102461504
13735_0:003cee	69067at32523	102461756
13735_0:003cef	230456at32523	102461980
13735_0:003cf2	285079at32523	102462221
13735_0:003cf4	114393at32523	102443613
13735_0:003cfb	264636at32523	102448370
13735_0:003cfd	284944at32523	102447705
13735_0:003cff	101216at32523	102447031
13735_0:003d00	84404at32523	102447457
13735_0:003d07	299630at32523	102446400
13735_0:003d08	103631at32523	102450739
13735_0:003d09	29464at32523	102448606
13735_0:003d0a	267377at32523	102451223
13735_0:003d0b	79372at32523	102454254
13735_0:003d0f	30264at32523	102450986
13735_0:003d12	203220at32523	102449721
13735_0:003d16	196611at32523	102451779
13735_0:003d19	189244at32523	102455997
13735_0:003d1a	198774at32523	102455756
13735_0:003d1b	92017at32523	102456502
13735_0:003d23	156110at32523	102458402
13735_0:003d29	212601at32523	102461591
13735_0:003d2a	169346at32523	102449553
13735_0:003d32	282669at32523	102445110
13735_0:003d33	279714at32523	102464023
13735_0:003d38	181908at32523	102459184
13735_0:003d3b	107285at32523	102448847
13735_0:003d3d	208618at32523	102447379
13735_0:003d3f	39930at32523	102463765
13735_0:003d41	27041at32523	102450666
13735_0:003d4c	67906at32523	102463347
13735_0:003d4f	169719at32523	102456669
13735_0:003d53	218973at32523	102459987
13735_0:003d59	16025at32523	102463851
13735_0:003d5a	221579at32523	102463115
13735_0:003d63	225258at32523	102447289
13735_0:003d67	267687at32523	102448034
13735_0:003d6b	89939at32523	102456910
13735_0:003d6d	220766at32523	102455428
13735_0:003d72	44915at32523	102451548
13735_0:003d74	76117at32523	102448848
13735_0:003d77	239293at32523	102454496
13735_0:003d7d	294199at32523	102452518
13735_0:003d7e	237414at32523	102450286
13735_0:003d7f	168903at32523	102455182
13735_0:003d81	212699at32523	102456163
13735_0:003d82	296853at32523	102449884
13735_0:003d84	239187at32523	102463193
13735_0:003d85	299214at32523	102461981
13735_0:003d8f	177934at32523	102461026
13735_0:003d95	227015at32523	102461757
13735_0:003d98	145492at32523	102444253
13735_0:003d99	193365at32523	102463426
13735_0:003d9b	4025at32523	102444015
13735_0:003d9c	198729at32523	102445271
13735_0:003d9d	90652at32523	102446076
13735_0:003d9f	230665at32523	102446877
13735_0:003da1	37585at32523	102447126
13735_0:003da4	138615at32523	102449885
13735_0:003da6	89146at32523	102450909
13735_0:003daa	188183at32523	102452519
13735_0:003dab	144656at32523	102448372
13735_0:003dad	76719at32523	102449244
13735_0:003daf	152074at32523	102454498
13735_0:003db3	265941at32523	102455838
13735_0:003db5	282478at32523	102456082
13735_0:003db6	118239at32523	102455429
13735_0:003db7	251699at32523	102456575
13735_0:003db8	100631at32523	102459033
13735_0:003dbb	93963at32523	102459670
13735_0:003dbe	91040at32523	102457572
13735_0:003dbf	132493at32523	102459425
13735_0:003ddd	267689at32523	102450119
13735_0:003de1	262446at32523	102451302
13735_0:003de5	299480at32523	106732745
13735_0:003e03	177855at32523	102463349
13735_0:003e10	118895at32523	102446720
13735_0:003e11	296085at32523	102451380
13735_0:003e13	196586at32523	102456746
13735_0:003e17	269797at32523	102447215
13735_0:003e1d	274796at32523	102450667
13735_0:003e1e	294368at32523	102459427
13735_0:003e23	290126at32523	102459903
13735_0:003e25	101090at32523	102459188
13735_0:003e26	60274at32523	102447459
13735_0:003e28	199379at32523	102447961
13735_0:003e2c	224178at32523	102456323
13735_0:003e2e	123480at32523	102458482
13735_0:003e30	305143at32523	102457999
13735_0:003e31	254239at32523	102449001
13735_0:003e32	288987at32523	102453104
13735_0:003e34	149114at32523	102450288
13735_0:003e36	142125at32523	102454257
13735_0:003e37	66615at32523	102447706
13735_0:003e39	232542at32523	102451614
13735_0:003e3a	103094at32523	102455269
13735_0:003e3b	171521at32523	102453621
13735_0:003e3e	167179at32523	102452270
13735_0:003e44	128806at32523	102462710
13735_0:003e4a	77073at32523	102452187
13735_0:003e4f	137324at32523	102453704
13735_0:003e52	217270at32523	102447034
13735_0:003e54	145233at32523	102447625
13735_0:003e5c	57640at32523	102451932
13735_0:003e5e	294759at32523	102443366
13735_0:003e62	198077at32523	102445194
13735_0:003e64	298011at32523	102445455
13735_0:003e9b	291451at32523	102449003
13735_0:003ea0	98722at32523	102451303
13735_0:003ea6	247599at32523	102451062
13735_0:003ea7	81029at32523	102448761
13735_0:003eab	173598at32523	102457748
13735_0:003eac	200853at32523	102457067
13735_0:003eae	38873at32523	102456327
13735_0:003eb6	8575at32523	102459190
13735_0:003eb9	179457at32523	102452272
13735_0:003eba	286959at32523	102447786
13735_0:003ec1	164471at32523	102463280
13735_0:003ec4	160103at32523	102445929
13735_0:003ec5	82616at32523	102451304
13735_0:003ec6	225286at32523	102449329
13735_0:003ecd	268617at32523	102448037
13735_0:003ece	41658at32523	102460634
13735_0:003ed1	36067at32523	102448443
13735_0:003ed2	265128at32523	102446722
13735_0:003ed3	253490at32523	102453033
13735_0:003ed4	99448at32523	102461983
13735_0:003edf	100932at32523	102456001
13735_0:003ef1	21312at32523	102461357
13735_0:003ef3	190361at32523	102460716
13735_0:003f03	282898at32523	102443779
13735_0:003f06	274506at32523	102446162
13735_0:003f08	135046at32523	102445692
13735_0:003f13	132586at32523	102454095
13735_0:003f17	288353at32523	102451551
13735_0:003f20	52256at32523	102459347
13735_0:003f21	130393at32523	102456002
13735_0:003f24	59442at32523	102456749
13735_0:003f2b	243433at32523	102460636
13735_0:003f2c	38740at32523	102461262
13735_0:003f34	80110at32523	102446007
13735_0:003f36	270902at32523	102445771
13735_0:003f37	48791at32523	102445115
13735_0:003f3a	286719at32523	102444336
13735_0:003f3e	94920at32523	102448853
13735_0:003f40	70037at32523	102449557
13735_0:003f51	96762at32523	102452026
13735_0:003f53	239933at32523	102455356
13735_0:003f55	193093at32523	102454848
13735_0:003f57	65447at32523	102457492
13735_0:003f60	151255at32523	102447037
13735_0:003f61	201677at32523	102457237
13735_0:003f62	35573at32523	102460638
13735_0:003f66	121264at32523	102446079
13735_0:003f69	134031at32523	102462790
13735_0:003f6c	167754at32523	102447292
13735_0:003f6d	167664at32523	102446548
13735_0:003f6f	293881at32523	102448926
13735_0:003f74	278501at32523	102450917
13735_0:003f76	89853at32523	102450209
13735_0:003f79	304134at32523	102452600
13735_0:003f80	139887at32523	102454500
13735_0:003f81	184337at32523	102453294
13735_0:003f84	125685at32523	102455273
13735_0:003f8a	250566at32523	102455914
13735_0:003f8d	128067at32523	102459677
13735_0:003f92	53251at32523	102461120
13735_0:003f94	261563at32523	102460639
13735_0:003f97	134798at32523	102461360
13735_0:003f9d	164205at32523	102443865
13735_0:003f9e	125310at32523	102444716
13735_0:003fa1	72036at32523	102463352
13735_0:003fa2	255663at32523	102462957
13735_0:003fa3	224806at32523	102443535
13735_0:003fa7	103160at32523	102451152
13735_0:003fa9	150366at32523	102447217
13735_0:003fab	281563at32523	102450210
13735_0:003fb6	81152at32523	102455763
13735_0:003fb8	280182at32523	102456004
13735_0:003fb9	173105at32523	102456251
13735_0:003fba	226474at32523	102456752
13735_0:003fbd	132580at32523	102457494
13735_0:003fc0	249702at32523	102460540
13735_0:003fc1	200664at32523	102458242
13735_0:003fc6	118658at32523	102459599
13735_0:003fc7	214541at32523	102460300
13735_0:003fcc	46322at32523	102461985
13735_0:003fcf	295654at32523	102443780
13735_0:003fd2	294369at32523	102448681
13735_0:003fd4	260094at32523	102445459
13735_0:003fd7	199010at32523	102463282
13735_0:003fd9	194240at32523	102463693
13735_0:003fde	259127at32523	102444717
13735_0:003fe2	291212at32523	102446250
13735_0:003fe3	160110at32523	102448444
13735_0:003fea	300364at32523	102453295
13735_0:003feb	112998at32523	102452522
13735_0:003fef	201416at32523	102452778
13735_0:003ff4	28063at32523	102455516
13735_0:003ff5	68738at32523	102458323
13735_0:003ff7	96674at32523	102456252
13735_0:003ff9	196197at32523	102448445
13735_0:003ffb	27867at32523	102449161
13735_0:003ffd	8558at32523	102458953
13735_0:003fff	82692at32523	102445199
13735_0:004002	70301at32523	102457654
13735_0:004003	67254at32523	102456830
13735_0:004004	160152at32523	102462870
13735_0:004005	264636at32523	102447966
13735_0:004009	69690at32523	102458085
13735_0:00400a	182590at32523	102459521
13735_0:00400c	80223at32523	102449637
13735_0:00400e	209207at32523	102458724
13735_0:00400f	194439at32523	102447712
13735_0:004013	111464at32523	102463940
13735_0:004014	215738at32523	102455764
13735_0:004015	213950at32523	102449403
13735_0:004016	251875at32523	102444099
13735_0:004017	33171at32523	102457404
13735_0:004019	72772at32523	102463040
13735_0:00401d	129250at32523	102464030
13735_0:004021	174675at32523	102460543
13735_0:004023	203892at32523	102453709
13735_0:004025	30211at32523	102458489
13735_0:004029	152953at32523	102462792
13735_0:00402a	308747at32523	102457240
13735_0:00402b	267061at32523	102461600
13735_0:00402c	231884at32523	102458871
13735_0:00402d	59212at32523	102459350
13735_0:00402e	170856at32523	102457495
13735_0:004035	45423at32523	102459830
13735_0:004037	124185at32523	102450989
13735_0:00403b	60659at32523	102455102
13735_0:00403d	214560at32523	102452030
13735_0:00403e	299122at32523	102443782
13735_0:004048	270377at32523	102445274
13735_0:00404e	253557at32523	102450748
13735_0:004052	148538at32523	102449405
13735_0:004055	34185at32523	102450522
13735_0:004056	264730at32523	102449163
13735_0:00405f	224356at32523	102454850
13735_0:004063	102595at32523	102456089
13735_0:004065	192192at32523	102453550
13735_0:004066	217250at32523	102455598
13735_0:004067	60514at32523	102453785
13735_0:00406a	208777at32523	102457496
13735_0:00406b	64762at32523	102455844
13735_0:004071	274390at32523	102460641
13735_0:004075	47921at32523	102463860
13735_0:004076	230230at32523	102460876
13735_0:004077	109646at32523	102461361
13735_0:004079	199780at32523	102443940
13735_0:00407a	148689at32523	102463601
13735_0:00407d	86470at32523	102461844
13735_0:00407e	258710at32523	102461123
13735_0:004081	152156at32523	102444876
13735_0:004084	85708at32523	102444413
13735_0:00408e	18116at32523	102446963
13735_0:004094	125910at32523	102451229
13735_0:004095	41533at32523	102454097
13735_0:004098	151668at32523	102450366
13735_0:00409e	196922at32523	102454338
13735_0:00409f	145866at32523	102451469
13735_0:0040a1	247970at32523	102456832
13735_0:0040a2	133706at32523	102452602
13735_0:0040a3	173575at32523	102456582
13735_0:0040a8	252218at32523	102458567
13735_0:0040aa	257979at32523	102462476
13735_0:0040ab	135990at32523	102459113
13735_0:0040ac	199537at32523	102462872
13735_0:0040b1	122018at32523	102460303
13735_0:0040b2	69828at32523	102458087
13735_0:0040b3	46758at32523	102463514
13735_0:0040b4	41415at32523	102444791
13735_0:0040b6	143387at32523	102444102
13735_0:0040b7	117055at32523	102458325
13735_0:0040b8	158701at32523	102463119
13735_0:0040ba	233720at32523	102443373
13735_0:0040bf	108138at32523	102445460
13735_0:0040c4	202485at32523	102449333
13735_0:0040c7	228816at32523	102448525
13735_0:0040ca	237577at32523	102446316
13735_0:0040ce	227135at32523	102448766
13735_0:0040d3	66028at32523	102458956
13735_0:0040dd	212356at32523	102456998
13735_0:0040e3	242688at32523	102450749
13735_0:0040e7	8402at32523	102459681
13735_0:0040e9	7966at32523	102460070
13735_0:0040ea	15476at32523	102462873
13735_0:0040eb	137810at32523	102461762
13735_0:0040ec	183714at32523	102460643
13735_0:0040ed	137810at32523	102461762
13735_0:0040ee	129800at32523	102446884
13735_0:0040ef	76721at32523	102449009
13735_0:0040f0	183577at32523	102446084
13735_0:0040f2	31906at32523	102448767
13735_0:0040f5	127883at32523	102448293
13735_0:0040f9	93313at32523	102450294
13735_0:0040fa	49159at32523	102449490
13735_0:0040fb	139376at32523	102449252
13735_0:0040fe	266585at32523	102453554
13735_0:004101	257460at32523	102450751
13735_0:004102	45935at32523	102451388
13735_0:004104	222816at32523	102450992
13735_0:004107	181245at32523	102453788
13735_0:00410b	241231at32523	102459832
13735_0:00410d	34307at32523	102452031
13735_0:004116	54011at32523	102455600
13735_0:004119	170079at32523	102456833
13735_0:004120	215436at32523	102463202
13735_0:004124	264362at32523	102445531
13735_0:004126	86079at32523	102463697
13735_0:00412a	146229at32523	102462478
13735_0:00412b	213024at32523	102447883
13735_0:00412f	292189at32523	102444416
13735_0:004132	221349at32523	102459355
13735_0:004138	302245at32523	102444174
13735_0:00413a	213031at32523	102447629
13735_0:00413c	59498at32523	102456583
13735_0:004143	96913at32523	102453950
13735_0:004144	166132at32523	102454187
13735_0:004145	14413at32523	102455021
13735_0:004149	16978at32523	102455680
13735_0:00414d	180579at32523	102458408
13735_0:004152	165786at32523	102444103
13735_0:004153	242032at32523	102459523
13735_0:004157	233806at32523	102457074
13735_0:004158	88370at32523	102448217
13735_0:004161	57198at32523	102446254
13735_0:00416c	219104at32523	102447716
13735_0:004177	162427at32523	102449167
13735_0:004179	72414at32523	102450679
13735_0:00417a	191941at32523	102452782
13735_0:00417c	143078at32523	102451703
13735_0:00418b	121011at32523	102454677
13735_0:004198	154282at32523	102460391
13735_0:0041c9	20946at32523	102455360
13735_0:0041cc	30494at32523	102452698
13735_0:0041ce	173591at32523	102454100
13735_0:0041cf	138465at32523	102452278
13735_0:0041dd	134419at32523	102460720
13735_0:004209	283815at32523	102452446
13735_0:00420d	208431at32523	102451474
13735_0:00420f	188147at32523	102450920
13735_0:004214	35980at32523	102454429
13735_0:004217	154328at32523	102455440
13735_0:004227	258332at32523	102461270
13735_0:00422c	164694at32523	102463205
13735_0:00422f	179871at32523	102459753
13735_0:004231	52652at32523	102446087
13735_0:004232	75106at32523	102445034
13735_0:004233	92890at32523	102445862
13735_0:004234	48547at32523	102446320
13735_0:004238	85705at32523	102444342
13735_0:00423d	12370at32523	102448614
13735_0:004249	178859at32523	102452603
13735_0:00424f	51084at32523	102452861
13735_0:004251	34657at32523	102451788
13735_0:004259	261555at32523	102450054
13735_0:00425a	21870at32523	102460392
13735_0:00425c	279891at32523	102459282
13735_0:00425d	232416at32523	102443375
13735_0:004265	207797at32523	102445380
13735_0:004266	92842at32523	102461687
13735_0:00426c	233005at32523	102461272
13735_0:00426d	58065at32523	102446649
13735_0:004271	66496at32523	102452035
13735_0:004274	11773at32523	102448531
13735_0:004277	217655at32523	102449978
13735_0:004279	140700at32523	102453304
13735_0:00427f	78816at32523	102451390
13735_0:004281	89676at32523	102449170
13735_0:004283	26974at32523	102449409
13735_0:004289	28985at32523	102459120
13735_0:00428a	47473at32523	102459992
13735_0:004291	65795at32523	102460722
13735_0:004294	170246at32523	102459357
13735_0:0042a2	112317at32523	102444795
13735_0:0042a6	260835at32523	102446257
13735_0:0042a8	238297at32523	102446650
13735_0:0042b4	80751at32523	102455023
13735_0:0042b5	134608at32523	102451708
13735_0:0042b6	192545at32523	102452862
13735_0:0042bc	157817at32523	102460393
13735_0:0042bd	224984at32523	102461128
13735_0:0042c4	194200at32523	102460650
13735_0:0042c5	52169at32523	102453474
13735_0:0042c6	112421at32523	102459835
13735_0:0042c8	67853at32523	102457759
13735_0:0042ca	101120at32523	102452347
13735_0:0042cb	250976at32523	102458014
13735_0:0042ce	152751at32523	102448383
13735_0:0042d1	282571at32523	102449567
13735_0:0042d2	98191at32523	102447226
13735_0:0042d4	195985at32523	102463356
13735_0:0042d5	172939at32523	102444419
13735_0:0042d8	148089at32523	102446259
13735_0:0042dc	125210at32523	102450299
13735_0:0042e0	279020at32523	102448616
13735_0:0042e1	39310at32523	102463775
13735_0:0042e2	4898at32523	102449807
13735_0:0042e3	272040at32523	102447719
13735_0:0042e7	55876at32523	102448859
13735_0:0042ea	27802at32523	102449339
13735_0:0042eb	68718at32523	102450529
13735_0:0042ef	245795at32523	102460075
13735_0:0042f0	27287at32523	102457914
13735_0:0042f1	221014at32523	102459359
13735_0:0042f5	68436at32523	102459607
13735_0:0042f7	93962at32523	102454589
13735_0:0042f8	171646at32523	102453367
13735_0:0042fa	191758at32523	102452450
13735_0:0042fc	219803at32523	102452198
13735_0:004302	165981at32523	102458654
13735_0:004305	14701at32523	102463358
13735_0:00430f	253220at32523	102463606
13735_0:004316	102616at32523	102463607
13735_0:004324	80534at32523	102462639
13735_0:004341	188561at32523	102463123
13735_0:004343	37089at32523	102450300
13735_0:00434b	130721at32523	102450459
13735_0:00434d	259026at32523	102449569
13735_0:004355	127149at32523	102449808
13735_0:00435b	196416at32523	102453559
13735_0:00435f	143557at32523	102456341
13735_0:004360	55532at32523	102453796
13735_0:004361	94978at32523	102453306
13735_0:004368	22318at32523	102454510
13735_0:00436a	254360at32523	102455026
13735_0:00436f	81563at32523	102459198
13735_0:004370	291175at32523	102460154
13735_0:004371	173014at32523	102461367
13735_0:004373	37956at32523	102460651
13735_0:004376	231432at32523	102460394
13735_0:004378	247934at32523	102462317
13735_0:004383	198789at32523	102449899
13735_0:004386	88360at32523	102448774
13735_0:004389	147120at32523	102452106
13735_0:00438b	237046at32523	102446173
13735_0:00439e	122907at32523	102459995
13735_0:00439f	285542at32523	102459285
13735_0:0043a3	182677at32523	102461854
13735_0:0043a4	35937at32523	102464034
13735_0:0043a5	258902at32523	102461369
13735_0:0043a6	247795at32523	102462640
13735_0:0043a7	30304at32523	102443789
13735_0:0043aa	273428at32523	102455029
13735_0:0043ab	250477at32523	102457917
13735_0:0043ac	255601at32523	102461037
13735_0:0043ae	106882at32523	102448453
13735_0:0043af	115074at32523	102462800
13735_0:0043b4	166773at32523	102448221
13735_0:0043b6	118790at32523	102456841
13735_0:0043bb	210575at32523	102445938
13735_0:0043bd	29061at32523	102464036
13735_0:0043c0	253877at32523	102457588
13735_0:0043c9	84771at32523	102463291
13735_0:0043cb	107207at32523	102449809
13735_0:0043cc	10722at32523	102445383
13735_0:0043d0	195601at32523	102463047
13735_0:0043d2	63020at32523	102460396
13735_0:0043d4	20626at32523	102449570
13735_0:0043d6	279818at32523	102458415
13735_0:0043db	243139at32523	102444420
13735_0:0043dd	166443at32523	102456009
13735_0:0043df	80222at32523	102461449
13735_0:0043e0	167400at32523	102457080
13735_0:0043e4	67423at32523	102450302
13735_0:0043e5	163409at32523	102459685
13735_0:004437	193519at32523	102450531
13735_0:00443c	260366at32523	102452451
13735_0:004448	59906at32523	102454513
13735_0:004449	69417at32523	102455286
13735_0:00444a	167960at32523	102455770
13735_0:00444c	36646at32523	102456011
13735_0:00444d	66052at32523	102456257
13735_0:004458	142005at32523	102461371
13735_0:00445d	118895at32523	102462566
13735_0:00446c	286785at32523	102446733
13735_0:00446d	102347at32523	102446970
13735_0:00446e	194447at32523	102447973
13735_0:004474	176101at32523	102449573
13735_0:004482	279708at32523	102447143
13735_0:004484	264784at32523	102462322
13735_0:004485	162144at32523	102446655
13735_0:00448e	24655at32523	102443547
13735_0:004495	4841at32523	102461858
13735_0:004496	308580at32523	102459128
13735_0:00449a	191205at32523	102462076
13735_0:00449b	196869at32523	102451948
13735_0:00449c	244937at32523	102453214
13735_0:00449f	151181at32523	102444726
13735_0:0044a2	95561at32523	102457663
13735_0:0044a4	3704at32523	102447392
13735_0:0044a5	156913at32523	102448938
13735_0:0044ac	24568at32523	102450375
13735_0:0044af	62159at32523	102451950
13735_0:0044b0	261194at32523	102452201
13735_0:0044b1	107047at32523	102456681
13735_0:0044b4	74047at32523	102451395
13735_0:0044b6	36099at32523	102453047
13735_0:0044cb	192923at32523	102445467
13735_0:0044d0	65291at32523	102463126
13735_0:0044d1	292234at32523	102461372
13735_0:0044d2	165326at32523	102446419
13735_0:0044d5	74571at32523	102443463
13735_0:0044d9	42251at32523	102460398
13735_0:0044db	202228at32523	102460654
13735_0:0044dc	101134at32523	102463359
13735_0:0044dd	66162at32523	102447144
13735_0:0044df	248597at32523	102445205
13735_0:0044e0	18042at32523	102447641
13735_0:0044e2	278259at32523	102448052
13735_0:0044e4	254179at32523	102450307
13735_0:0044e5	138400at32523	102450065
13735_0:0044ea	225939at32523	102451237
13735_0:0044fc	95675at32523	102457247
13735_0:0044fd	129664at32523	102457922
13735_0:0044fe	61630at32523	102462151
13735_0:004501	229190at32523	102457664
13735_0:004505	153910at32523	102451238
13735_0:004509	85010at32523	102451712
13735_0:00450b	253983at32523	102449576
13735_0:00450d	132310at32523	102447552
13735_0:004511	71364at32523	102445469
13735_0:004512	273404at32523	102449347
13735_0:004517	71190at32523	102449816
13735_0:004518	114099at32523	102444513
13735_0:00451a	195495at32523	102451951
13735_0:004521	157522at32523	102453309
13735_0:00452a	169346at32523	102444185
13735_0:00452b	79747at32523	102457004
13735_0:004537	139137at32523	102463441
13735_0:00453d	144618at32523	102458806
13735_0:004542	237824at32523	106732953
13735_0:004544	89606at32523	102445541
13735_0:004545	237824at32523	102446495
13735_0:004547	75159at32523	102451713
13735_0:00454b	124297at32523	102452203
13735_0:004551	87561at32523	102449817
13735_0:004554	118839at32523	102450224
13735_0:004556	267923at32523	102454594
13735_0:004578	18042at32523	106732972
13735_0:00457a	18042at32523	102463363
13735_0:00457c	263531at32523	102463869
13735_0:004580	6923at32523	102444586
13735_0:004582	258987at32523	102445707
13735_0:004583	108973at32523	102445470
13735_0:004586	116407at32523	102449496
13735_0:004589	290488at32523	102447474
13735_0:00458b	258666at32523	102447725
13735_0:00458e	294765at32523	102453632
13735_0:004591	63388at32523	102457084
13735_0:004596	160374at32523	102456848
13735_0:004597	133626at32523	102456349
13735_0:00459a	245466at32523	102455369
13735_0:00459b	291715at32523	102458100
13735_0:00459d	258116at32523	102454772
13735_0:0045a2	48547at32523	102452869
13735_0:0045a7	278260at32523	102462400
13735_0:0045a9	188029at32523	102461698
13735_0:0045ac	246636at32523	102458577
13735_0:0045af	278260at32523	102460243
13735_0:0045b4	64217at32523	102463053
13735_0:0045b5	93954at32523	102445472
13735_0:0045b6	116059at32523	102444514
13735_0:0045ba	139756at32523	102454434
13735_0:0045c0	248283at32523	102463296
13735_0:0045c5	274527at32523	102463784
13735_0:0045c6	281186at32523	102453958
13735_0:0045c7	163950at32523	102445943
13735_0:0045d2	281186at32523	102453719
13735_0:0045d4	136697at32523	102452966
13735_0:0045e5	15890at32523	102449176
13735_0:0045e8	44571at32523	102460556
13735_0:0045ea	76116at32523	102443635
13735_0:0045eb	223800at32523	102447149
13735_0:0045f0	179820at32523	102463442
13735_0:0045f2	217254at32523	102447398
13735_0:0045f3	194637at32523	102448456
13735_0:0045f4	90623at32523	102447646
13735_0:0045f5	21496at32523	102461767
13735_0:0045f7	53386at32523	102460000
13735_0:0045f8	156676at32523	102461136
13735_0:0045f9	155164at32523	102450535
13735_0:004600	201028at32523	102454774
13735_0:004601	61250at32523	102458502
13735_0:004605	156797at32523	102459925
13735_0:004606	64993at32523	102458737
13735_0:004607	254245at32523	102457085
13735_0:004613	178726at32523	102457763
13735_0:00461b	47302at32523	102460557
13735_0:00461e	242587at32523	102447233
13735_0:004621	242341at32523	102463707
13735_0:004625	253069at32523	102444030
13735_0:004626	17963at32523	102446976
13735_0:004627	302932at32523	102463443
13735_0:004634	283541at32523	102450837
13735_0:004635	229237at32523	102453217
13735_0:004637	271564at32523	102454944
13735_0:004638	249612at32523	102453634
13735_0:004639	240937at32523	102451714
13735_0:00463c	269512at32523	102447727
13735_0:004640	145427at32523	102455611
13735_0:004646	140837at32523	102456684
13735_0:004648	122011at32523	102451078
13735_0:004649	152640at32523	102458421
13735_0:00464b	280279at32523	102458662
13735_0:00464c	190391at32523	102459842
13735_0:004651	52590at32523	102458889
13735_0:004653	178745at32523	102463786
13735_0:004655	92962at32523	102445131
13735_0:004657	211757at32523	102463212
13735_0:00465a	42099at32523	102464045
13735_0:00465d	228142at32523	102444031
13735_0:004661	113567at32523	102447477
13735_0:004662	87645at32523	102461042
13735_0:004664	182600at32523	102446498
13735_0:004665	262601at32523	102447729
13735_0:004666	49191at32523	102446978
13735_0:004667	269746at32523	102461862
13735_0:004669	31070at32523	102454598
13735_0:00466a	150509at32523	102452456
13735_0:00466b	137553at32523	102451798
13735_0:00466c	172637at32523	102450928
13735_0:00466d	142371at32523	102450309
13735_0:00466f	44752at32523	102449418
13735_0:004672	101803at32523	102455116
13735_0:004672	67877at32523	102455116
13735_0:004675	133266at32523	102453720
13735_0:00467a	183646at32523	102451163
13735_0:00467b	245454at32523	102457598
13735_0:00467f	57529at32523	102448387
13735_0:004680	116128at32523	102458338
13735_0:004685	272294at32523	102460492
13735_0:004687	293264at32523	102447050
13735_0:00468c	27117at32523	102460732
13735_0:00468e	59907at32523	102462082
13735_0:004691	144435at32523	102461699
13735_0:004692	59812at32523	102444966
13735_0:004698	7416at32523	102447801
13735_0:004699	274291at32523	102460002
13735_0:00469b	67676at32523	102462483
13735_0:00469d	56641at32523	102458423
13735_0:0046a0	128643at32523	102449419
13735_0:0046a1	256772at32523	102444033
13735_0:0046a3	215514at32523	102453379
13735_0:0046a4	255863at32523	102449741
13735_0:0046a7	114923at32523	102443385
13735_0:0046aa	128486at32523	102462484
13735_0:0046b3	137697at32523	102451322
13735_0:0046ba	121526at32523	102447051
13735_0:0046bb	83640at32523	102450929
13735_0:0046bf	191407at32523	102449350
13735_0:0046c8	87998at32523	102458664
13735_0:0046ca	52558at32523	102451630
13735_0:0046cb	240257at32523	102455694
13735_0:0046d0	195619at32523	102448781
13735_0:0046d4	56119at32523	102452872
13735_0:0046d5	258013at32523	102453121
13735_0:0046d7	105267at32523	102450229
13735_0:0046d9	142771at32523	102461138
13735_0:0046da	17735at32523	102448227
13735_0:0046db	127447at32523	102452358
13735_0:0046e0	154035at32523	102455205
13735_0:0046e7	184059at32523	102454775
13735_0:0046ed	86167at32523	102462808
13735_0:0046f7	115292at32523	102447899
13735_0:0046fa	57197at32523	102447399
13735_0:0046fd	299876at32523	102445546
13735_0:004700	83209at32523	102444590
13735_0:004701	272037at32523	102446424
13735_0:004710	68503at32523	102457088
13735_0:004712	162454at32523	102463055
13735_0:004715	139223at32523	102453722
13735_0:00471a	21577at32523	102461043
13735_0:004720	231362at32523	102456183
13735_0:004724	145548at32523	102454275
13735_0:004725	286324at32523	102448153
13735_0:004727	45371at32523	102456688
13735_0:00472b	250611at32523	102455452
13735_0:004737	181361at32523	102463709
13735_0:00473f	199658at32523	102462328
13735_0:004742	135502at32523	102459615
13735_0:004743	253405at32523	102449988
13735_0:004745	144794at32523	102447900
13735_0:004747	204821at32523	102453961
13735_0:00474e	102443at32523	102463710
13735_0:004751	75314at32523	102453638
13735_0:004753	150373at32523	102448154
13735_0:004756	190007at32523	102452289
13735_0:004757	14923at32523	102446809
13735_0:004758	213050at32523	102461770
13735_0:004759	246589at32523	102462727
13735_0:00475a	278634at32523	102461524
13735_0:00475c	237983at32523	102457928
13735_0:00475d	277370at32523	102457423
13735_0:004761	55092at32523	102445392
13735_0:004762	153223at32523	102443884
13735_0:004764	302602at32523	102446563
13735_0:004767	216046at32523	102451717
13735_0:004768	292703at32523	102445135
13735_0:004769	109107at32523	102443717
13735_0:00476c	264266at32523	102446564
13735_0:004770	146781at32523	102447053
13735_0:004774	194893at32523	102448544
13735_0:004775	237361at32523	102446328
13735_0:004776	272959at32523	102446330
13735_0:004777	240467at32523	102449819
13735_0:004778	22945at32523	102447901
13735_0:004779	132496at32523	102454689
13735_0:00477e	149524at32523	102463956
13735_0:004781	27372at32523	102458343
13735_0:004782	65096at32523	102462485
13735_0:004785	173656at32523	102455290
13735_0:004786	24779at32523	102444657
13735_0:004788	88771at32523	102444427
13735_0:004789	204547at32523	102463213
13735_0:00478c	122349at32523	102445393
13735_0:00478d	84549at32523	102461209
13735_0:004790	308683at32523	102452716
13735_0:004791	210074at32523	102460083
13735_0:004793	280348at32523	102462243
13735_0:00479b	68351at32523	102451081
13735_0:00479e	286422at32523	102452717
13735_0:0047a1	147892at32523	102451326
13735_0:0047a4	91390at32523	102447310
13735_0:0047a5	252113at32523	102459370
13735_0:0047a6	36217at32523	102449500
13735_0:0047ab	165225at32523	102456356
13735_0:0047b0	92697at32523	102461771
13735_0:0047b6	283782at32523	102458740
13735_0:0047b7	197589at32523	102463712
13735_0:0047ba	37090at32523	102449820
13735_0:0047bd	136705at32523	102445712
13735_0:0047be	168413at32523	102451567
13735_0:0047c0	29093at32523	102450233
13735_0:0047c4	84744at32523	102452290
13735_0:0047c8	188112at32523	102452537
13735_0:0047ca	88809at32523	102446425
13735_0:0047cb	151083at32523	102445209
13735_0:0047cd	102721at32523	102452045
13735_0:0047ce	64249at32523	102444732
13735_0:0047d1	83450at32523	102445946
13735_0:0047d3	107057at32523	102448700
13735_0:0047d4	58898at32523	102460247
13735_0:0047d9	185435at32523	102457855
13735_0:0047da	100783at32523	102454866
13735_0:0047dc	203595at32523	102459768
13735_0:0047e1	210318at32523	102456853
13735_0:0047e2	229484at32523	102449272
13735_0:0047e9	103676at32523	102456357
13735_0:0047ee	255366at32523	102460009
13735_0:0047f2	207965at32523	102455615
13735_0:0047f3	22830at32523	102459372
13735_0:0047f5	40350at32523	102457090
13735_0:0047f8	129665at32523	102463790
13735_0:0047fa	248360at32523	102453315
13735_0:0047fb	165745at32523	102463534
13735_0:0047fc	135116at32523	102455117
13735_0:004802	206534at32523	102446566
13735_0:004803	265149at32523	102457604
13735_0:004805	161532at32523	102462886
13735_0:004809	21202at32523	102451719
13735_0:004819	271339at32523	102451959
13735_0:004820	193988at32523	102445635
13735_0:004824	225535at32523	102451083
13735_0:004826	265137at32523	102444428
13735_0:00482d	50971at32523	102448463
13735_0:004832	81731at32523	102448232
13735_0:004833	284008at32523	102445050
13735_0:004836	118813at32523	102454951
13735_0:004839	187173at32523	102451403
13735_0:00483e	173797at32523	102443797
13735_0:004843	36141at32523	102453804
13735_0:004844	295641at32523	102452538
13735_0:004848	84445at32523	102450936
13735_0:004849	240915at32523	102447735
13735_0:00484c	302150at32523	102444273
13735_0:00484e	302637at32523	102447480
13735_0:004850	154682at32523	102463057
13735_0:004853	163180at32523	102463873
13735_0:004855	249802at32523	102451169
13735_0:00485a	279422at32523	102447981
13735_0:00485b	269636at32523	102444357
13735_0:00485e	142406at32523	102450689
13735_0:00485f	37975at32523	102446269
13735_0:004860	225986at32523	102448946
13735_0:004861	287557at32523	102443555
13735_0:004866	168634at32523	102449659
13735_0:00486b	87199at32523	102444970
13735_0:004889	286233at32523	102446186
13735_0:00488a	65570at32523	102447154
13735_0:00488e	77387at32523	102445397
13735_0:004890	260048at32523	102459209
13735_0:004891	299063at32523	102444595
13735_0:004893	203570at32523	102448869
13735_0:004894	216420at32523	102449274
13735_0:004895	126597at32523	102456690
13735_0:00489a	55951at32523	102450542
13735_0:0048a0	94581at32523	102445051
13735_0:0048a1	272493at32523	102446428
13735_0:0048a2	227301at32523	102460973
13735_0:0048a3	101524at32523	102455212
13735_0:0048a4	180550at32523	102457770
13735_0:0048a5	114448at32523	102454199
13735_0:0048a8	283660at32523	102453317
13735_0:0048ab	108898at32523	102447736
13735_0:0048ae	179178at32523	102462329
13735_0:0048b0	72534at32523	102456018
13735_0:0048b9	48420at32523	102458427
13735_0:0048c7	284958at32523	102461143
13735_0:0048c8	95391at32523	102460898
13735_0:0048cb	121708at32523	102456609
13735_0:0048cf	158470at32523	102456108
13735_0:0048d0	37062at32523	102461620
13735_0:0048d1	27597at32523	102452721
13735_0:0048d3	169366at32523	102459770
13735_0:0048d6	106895at32523	102458507
13735_0:0048d9	135131at32523	102463961
13735_0:0048da	180229at32523	102463300
13735_0:0048db	9406at32523	102456267
13735_0:0048de	219563at32523	102451170
13735_0:0048e6	200061at32523	102443644
13735_0:0048ea	2599at32523	102447983
13735_0:0048eb	32146at32523	102456772
13735_0:0048ed	141279at32523	102457255
13735_0:0048ef	221998at32523	102457013
13735_0:0048f1	228948at32523	102449105
13735_0:0048f6	141108at32523	102457092
13735_0:0048fa	280121at32523	102444274
13735_0:0048fe	146603at32523	102452050
13735_0:004900	176765at32523	102446187
13735_0:004901	35479at32523	102461703
13735_0:004902	105411at32523	102445052
13735_0:004904	60601at32523	102454780
13735_0:004907	82763at32523	102460249
13735_0:00490a	164801at32523	102447737
13735_0:00490b	277695at32523	102447239
13735_0:00490d	222485at32523	102455295
13735_0:004911	282358at32523	102450937
13735_0:004914	16472at32523	102463220
13735_0:004917	152308at32523	102459536
13735_0:004919	33856at32523	102452296
13735_0:00491a	124887at32523	102453227
13735_0:00491d	86203at32523	102453808
13735_0:004921	191700at32523	102457513
13735_0:004922	208004at32523	102458743
13735_0:004925	30209at32523	102457605
13735_0:004928	300828at32523	102453059
13735_0:00492b	151917at32523	102455294
13735_0:00492d	188202at32523	102452542
13735_0:004930	75521at32523	102455778
13735_0:004933	78693at32523	102454522
13735_0:004939	62579at32523	102444518
13735_0:00493c	139406at32523	102446813
13735_0:00493d	247474at32523	102461930
13735_0:004947	119720at32523	102445794
13735_0:00494c	253583at32523	102459537
13735_0:004950	198070at32523	102448311
13735_0:004952	251585at32523	102454696
13735_0:004953	184549at32523	102447561
13735_0:004958	241605at32523	102460975
13735_0:004959	261858at32523	102461048
13735_0:00495c	146602at32523	102464051
13735_0:00495f	218049at32523	102460013
13735_0:004964	305787at32523	102446027
13735_0:004967	294423at32523	102448063
13735_0:004968	95836at32523	102455858
13735_0:004969	53439at32523	102456611
13735_0:00496a	139146at32523	102460739
13735_0:00496c	198830at32523	102463301
13735_0:00496e	153897at32523	102446270
13735_0:004975	279181at32523	102447809
13735_0:004977	76969at32523	102453883
13735_0:004978	140141at32523	102449354
13735_0:004979	3264at32523	102448947
13735_0:00497b	675at32523	102447984
13735_0:00497d	271569at32523	102444194
13735_0:00497f	188174at32523	102458894
13735_0:004980	277586at32523	102458181
13735_0:004982	262824at32523	102460320
13735_0:004983	103359at32523	102457674
13735_0:004985	26466at32523	102444896
13735_0:004988	141340at32523	102457427
13735_0:00498c	111650at32523	102460565
13735_0:00498f	206418at32523	102453884
13735_0:004990	157045at32523	102459377
13735_0:004991	87409at32523	102448704
13735_0:004994	192137at32523	102455217
13735_0:004995	243426at32523	102450938
13735_0:004997	103318at32523	102451171
13735_0:00499b	236869at32523	102451405
13735_0:00499d	41704at32523	102445296
13735_0:00499e	231887at32523	102445718
13735_0:0049a3	56111at32523	102443958
13735_0:0049a4	250880at32523	102454782
13735_0:0049a5	75700at32523	102460802
13735_0:0049a9	214798at32523	102463965
13735_0:0049af	107280at32523	102461050
13735_0:0049b0	182497at32523	102462247
13735_0:0049b3	47099at32523	102445479
13735_0:0049b8	218074at32523	102462492
13735_0:0049b9	148904at32523	102463137
13735_0:0049be	146870at32523	102448790
13735_0:0049c0	99127at32523	102450139
13735_0:0049c4	188549at32523	102448392
13735_0:0049cb	162442at32523	102463060
13735_0:0049ce	138754at32523	102463303
13735_0:0049d0	170076at32523	102460899
13735_0:0049d2	116517at32523	102463537
13735_0:0049d3	185471at32523	102447158
13735_0:0049d5	210934at32523	102446669
13735_0:0049d9	104098at32523	102447403
13735_0:0049db	87993at32523	102452363
13735_0:0049de	65011at32523	102460409
13735_0:0049e1	6641at32523	102446910
13735_0:0049e5	130462at32523	102456934
13735_0:0049e7	198372at32523	102452803
13735_0:0049e8	189184at32523	102456023
13735_0:0049ec	260465at32523	102450316
13735_0:0049ef	152561at32523	102456270
13735_0:0049f1	117717at32523	102450768
13735_0:0049f3	147363at32523	102447907
13735_0:0049f5	18447at32523	102455533
13735_0:0049f7	49676at32523	102458263
13735_0:0049fa	245290at32523	102458975
13735_0:0049fd	279857at32523	102459378
13735_0:0049fe	139691at32523	102446338
13735_0:004a00	170380at32523	102445874
13735_0:004a01	214783at32523	102444519
13735_0:004a02	199398at32523	102443646
13735_0:004a03	240204at32523	102446103
13735_0:004a04	24654at32523	102444041
13735_0:004a0a	271521at32523	102462738
13735_0:004a11	222848at32523	102463224
13735_0:004a17	78134at32523	102447061
13735_0:004a2e	168421at32523	102455535
13735_0:004a33	298237at32523	102457182
13735_0:004a34	179279at32523	102456444
13735_0:004a39	204533at32523	102455784
13735_0:004a3f	91605at32523	102461933
13735_0:004a41	60364at32523	102463306
13735_0:004a42	160758at32523	102462162
13735_0:004a4a	42619at32523	102463540
13735_0:004a54	234357at32523	102444199
13735_0:004a58	39526at32523	102447987
13735_0:004a5a	48794at32523	102456445
13735_0:004a5c	182907at32523	102458745
13735_0:004a5d	273453at32523	102450469
13735_0:004a5e	167184at32523	102443477
13735_0:004a6c	30103at32523	102456695
13735_0:004a6d	99102at32523	102460324
13735_0:004a6e	44456at32523	102451007
13735_0:004a6f	35696at32523	102443962
13735_0:004a70	23538at32523	102458111
13735_0:004a73	155052at32523	102454281
13735_0:004a74	76408at32523	102454784
13735_0:004a76	191805at32523	102462249
13735_0:004a78	151813at32523	102462002
13735_0:004a7c	269922at32523	102463225
13735_0:004a7e	42258at32523	102461532
13735_0:004a7f	81244at32523	102453387
13735_0:004a80	281797at32523	102447738
13735_0:004a81	159382at32523	102446575
13735_0:004a83	267472at32523	102454527
13735_0:004a84	143474at32523	102459213
13735_0:004a86	34397at32523	102458352
13735_0:004a87	158492at32523	102455043
13735_0:004a89	13705at32523	102452468
13735_0:004a8b	128093at32523	102446272
13735_0:004a8c	248708at32523	102462739
13735_0:004a8e	72515at32523	102456364
13735_0:004a91	242386at32523	102445552
13735_0:004a97	37595at32523	102453388
13735_0:004a9a	118979at32523	102454870
13735_0:004a9e	259095at32523	102457432
13735_0:004a9f	287864at32523	102461874
13735_0:004aa2	146555at32523	102454283
13735_0:004aa3	119571at32523	102455861
13735_0:004aa6	212687at32523	102448397
13735_0:004aa7	219623at32523	102447813
13735_0:004aa9	211414at32523	102458184
13735_0:004aab	149835at32523	102460902
13735_0:004ab4	126074at32523	102457679
13735_0:004aba	199399at32523	102447565
13735_0:004abb	113607at32523	102450470
13735_0:004abc	187814at32523	102456113
13735_0:004ac0	243172at32523	102463877
13735_0:004ac1	2516at32523	102463721
13735_0:004ac2	136752at32523	102447657
13735_0:004ac4	77440at32523	102445955
13735_0:004ac7	68749at32523	102448164
13735_0:004acc	181890at32523	102445054
13735_0:004acd	25136at32523	102443558
13735_0:004ad1	285465at32523	102452546
13735_0:004ad2	232312at32523	102451093
13735_0:004ad4	270511at32523	102456859
13735_0:004ad5	149929at32523	102452300
13735_0:004ada	218121at32523	102455299
13735_0:004adc	265809at32523	102453969
13735_0:004adf	106672at32523	102450614
13735_0:004aea	15464at32523	102460251
13735_0:004aee	30022at32523	102457016
13735_0:004aef	253227at32523	102446273
13735_0:004af1	124036at32523	102447658
13735_0:004af3	278997at32523	102461533
13735_0:004af6	27592at32523	102463619
13735_0:004af7	277442at32523	102453389
13735_0:004b00	89875at32523	102460977
13735_0:004b02	103961at32523	102446745
13735_0:004b03	255001at32523	102450616
13735_0:004b0a	105916at32523	102458594
13735_0:004b0b	13944at32523	102463140
13735_0:004b0e	3318at32523	102458027
13735_0:004b0f	163646at32523	102450391
13735_0:004b12	103579at32523	102458113
13735_0:004b13	264426at32523	102455785
13735_0:004b14	230787at32523	102445796
13735_0:004b1b	258591at32523	102448791
13735_0:004b1c	278185at32523	102454700
13735_0:004b1d	149850at32523	102448552
13735_0:004b1f	248911at32523	102463370
13735_0:004b20	164469at32523	102461707
13735_0:004b21	128737at32523	102460978
13735_0:004b26	245334at32523	102455121
13735_0:004b27	150824at32523	102449035
13735_0:004b28	84004at32523	102463369
13735_0:004b29	230037at32523	102461465
